keyword,tier,vol_sep26,tendencia_pct,bid_sug,rank_org_competidor,uso
magic meta ball for kids,A-core,531,45,0.54,27,Rankear oct-nov; convierte en dic
metaball,A-core,372,8,0.54,8,Rankear oct-nov; convierte en dic
meta ball,A-core,338,63,0.57,8,Rankear oct-nov; convierte en dic
magicmeta ball,A-core,318,57,,3,Rankear oct-nov; convierte en dic
pop up ball,A-core,1763,-5,0.81,12,Rankear oct-nov; convierte en dic
pop up ball toy,A-core,480,-31,0.42,7,Rankear oct-nov; convierte en dic
pop up balls,A-core,624,-7,0.94,13,Rankear oct-nov; convierte en dic
pop up balls for kids,A-core,524,-27,0.55,11,Rankear oct-nov; convierte en dic
pop ball,A-core,613,-3,0.84,14,Rankear oct-nov; convierte en dic
pop balls,A-core,563,15,0.57,28,Rankear oct-nov; convierte en dic
magic ball,A-core,1171,-21,0.58,34,Rankear oct-nov; convierte en dic
magic ball toy,A-core,691,-46,0.64,34,Rankear oct-nov; convierte en dic
light up magic ball,A-core,384,40,,18,Rankear oct-nov; convierte en dic
led magic ball,A-core,389,1,0.64,37,Rankear oct-nov; convierte en dic
ufo magic ball,A-core,364,64,0.48,13,Rankear oct-nov; convierte en dic
magic ufo ball,A-core,361,-12,0.49,7,Rankear oct-nov; convierte en dic
bouncing magic metaball,A-core,393,60,0.53,16,Rankear oct-nov; convierte en dic
magic metaball bounce,A-core,362,3,0.61,6,Rankear oct-nov; convierte en dic
metaball pop up,A-core,381,18,,2,Rankear oct-nov; convierte en dic
magic ball popup,A-core,394,35,0.45,12,Rankear oct-nov; convierte en dic
magic ball flattens and pops up,A-core,389,-1,0.67,24,Rankear oct-nov; convierte en dic
transforming ball,A-core,347,16,,8,Rankear oct-nov; convierte en dic
transforming ball toy,A-core,356,6,,19,Rankear oct-nov; convierte en dic
magic transforming ball,A-core,317,24,,18,Rankear oct-nov; convierte en dic
flat ball,A-core,526,-14,0.7,1,Rankear oct-nov; convierte en dic
flying saucer ball with lights,A-core,405,14,,9,Rankear oct-nov; convierte en dic
flying saucer ball for kids,A-core,333,34,,26,Rankear oct-nov; convierte en dic
magic saucer ball,A-core,348,-10,,18,Rankear oct-nov; convierte en dic
magic flying ball,A-core,549,1,1.04,19,Rankear oct-nov; convierte en dic
flying ball toy,A-core,919,7,0.62,35,Rankear oct-nov; convierte en dic
pop up light up balls,A-core,317,6,,20,Rankear oct-nov; convierte en dic
ball popping toy,A-core,469,-14,0.85,25,Rankear oct-nov; convierte en dic
christmas toys 2026,B-regalo (ya en datos),997,269,0.55,42,Estacional con dato actual
stocking staffers for kids,B-regalo (ya en datos),356,102,1.04,209,Estacional con dato actual
stocking stuffers for kidd,B-regalo (ya en datos),181,23,,206,Estacional con dato actual
gifts for kids,B-regalo (ya en datos),2362,12,1.13,223,Estacional con dato actual
kids gifts 6-8,B-regalo (ya en datos),2048,24,1.17,179,Estacional con dato actual
gifts for kids 6-10,B-regalo (ya en datos),287,-12,,77,Estacional con dato actual
unique gifts for 5 year old boy,B-regalo (ya en datos),329,2,,117,Estacional con dato actual
popular toys for 7 year old boys,B-regalo (ya en datos),366,-14,,263,Estacional con dato actual
boytoys for ages 8-13,B-regalo (ya en datos),224,-17,,26,Estacional con dato actual
best gifts for active kids,B-regalo (ya en datos),132,40,1.05,98,Estacional con dato actual
gifts for active kids,B-regalo (ya en datos),114,9,1.17,86,Estacional con dato actual
outdoor toys for teenagers,B-regalo (ya en datos),388,27,1.2,101,Estacional con dato actual
magical gifts,B-regalo (ya en datos),181,2,,37,Estacional con dato actual
magic gifts for kids,B-regalo (ya en datos),93,10,,124,Estacional con dato actual
surprise balls for boys,B-regalo (ya en datos),65,-17,0.68,34,Estacional con dato actual
gifts for toys for tots,B-regalo (ya en datos),229,26,,-,Estacional con dato actual
light up toys for kids ages 4-8,B-regalo (ya en datos),141,-6,0.99,189,Estacional con dato actual
balls for kids ages 4-8,B-regalo (ya en datos),608,-36,0.9,26,Estacional con dato actual
balls for kids ages 8-12,B-regalo (ya en datos),198,3,0.89,74,Estacional con dato actual
unique outdoor toys,B-regalo (ya en datos),373,25,,6,Estacional con dato actual
light up outdoor toys,B-regalo (ya en datos),483,43,0.76,144,Estacional con dato actual
glow in the dark toys,B-regalo (ya en datos),3136,-4,0.81,205,Estacional con dato actual
light up balls for kids,B-regalo (ya en datos),997,16,0.81,63,Estacional con dato actual
stocking stuffers for kids,C-navidad (sin dato),,,,,Medir en Magnet/SQP: Cerebro de septiembre no la muestra
stocking stuffers for boys,C-navidad (sin dato),,,,,Medir en Magnet/SQP: Cerebro de septiembre no la muestra
stocking stuffers for girls,C-navidad (sin dato),,,,,Medir en Magnet/SQP: Cerebro de septiembre no la muestra
christmas gifts for kids,C-navidad (sin dato),,,,,Medir en Magnet/SQP: Cerebro de septiembre no la muestra
christmas gifts for boys,C-navidad (sin dato),,,,,Medir en Magnet/SQP: Cerebro de septiembre no la muestra
christmas gifts for girls,C-navidad (sin dato),,,,,Medir en Magnet/SQP: Cerebro de septiembre no la muestra
gifts for 6 year old boys,C-navidad (sin dato),,,,,Medir en Magnet/SQP: Cerebro de septiembre no la muestra
gifts for 7 year old boys,C-navidad (sin dato),,,,,Medir en Magnet/SQP: Cerebro de septiembre no la muestra
gifts for 8 year old boys,C-navidad (sin dato),,,,,Medir en Magnet/SQP: Cerebro de septiembre no la muestra
gifts for 9 year old boys,C-navidad (sin dato),,,,,Medir en Magnet/SQP: Cerebro de septiembre no la muestra
gifts for 10 year old boys,C-navidad (sin dato),,,,,Medir en Magnet/SQP: Cerebro de septiembre no la muestra
gifts for 8 year old girls,C-navidad (sin dato),,,,,Medir en Magnet/SQP: Cerebro de septiembre no la muestra
toys for 8 year old boys,C-navidad (sin dato),,,,,Medir en Magnet/SQP: Cerebro de septiembre no la muestra
outdoor toys for kids ages 8-12,C-navidad (sin dato),,,,,Medir en Magnet/SQP: Cerebro de septiembre no la muestra
cool toys for kids,C-navidad (sin dato),,,,,Medir en Magnet/SQP: Cerebro de septiembre no la muestra
trending toys 2026,C-navidad (sin dato),,,,,Medir en Magnet/SQP: Cerebro de septiembre no la muestra
viral toys 2026,B-regalo (ya en datos),624,-,0.59,193,Estacional con dato actual
tiktok toys,C-navidad (sin dato),,,,,Medir en Magnet/SQP: Cerebro de septiembre no la muestra
stocking stuffers for teens,C-navidad (sin dato),,,,,Medir en Magnet/SQP: Cerebro de septiembre no la muestra
white elephant gifts for kids,C-navidad (sin dato),,,,,Medir en Magnet/SQP: Cerebro de septiembre no la muestra
christmas gifts for kids under 25,C-navidad (sin dato),,,,,Medir en Magnet/SQP: Cerebro de septiembre no la muestra
sibling gifts,C-navidad (sin dato),,,,,Medir en Magnet/SQP: Cerebro de septiembre no la muestra
gifts for grandkids,C-navidad (sin dato),,,,,Medir en Magnet/SQP: Cerebro de septiembre no la muestra
kids gifts under 25,C-navidad (sin dato),,,,,Medir en Magnet/SQP: Cerebro de septiembre no la muestra
