empresa,email,tipo,fechas_envio,respuesta,accion_2026_10_08
Discreet Smoker,info@discreetsmoker.com,tienda online,2026-08-06,ninguna,borrador de seguimiento
Smoke Cartel,contact@smokecartel.com,tienda online,2026-08-06,ninguna,borrador de seguimiento
Everything 420,support@everything420.com,tienda online,2026-08-06,respuesta automática,borrador de seguimiento
Up-N-Smoke,marketing@upnsmokeonline.com,cadena de smoke shops,2026-08-06,ninguna,borrador de seguimiento
Smoke Tokes,sales@smoketokes.com / Sales@smoketokes.com,tienda online,2026-08-06 + 2026-08-17 (y 1 enviado por error a upnsmokeonline),ninguna,borrador de seguimiento
KINGs Pipe,support@kings-pipe.com,tienda online,2026-08-06,ninguna,borrador de seguimiento
Vape Batt,info@vapebatt.com / cs@vapebatt.com,tienda online de baterías,2026-08-06 (x2),ninguna,borrador de seguimiento
Avernic Smoke Shop / o2Vape,support@avernicsmokeshop.com / customerservice@o2vape.com,tienda online,2026-08-06,ninguna,borrador de seguimiento
Mind Vapes,wecare@mindvapes.com,tienda online,2026-08-18,ninguna,borrador de seguimiento
Mi-Pod Wholesale (Mi-One Brands),Wholesale@mipod.com / SUPPORT@mipod.com,distribuidor,2026-08-06 + 2026-08-17,ticket automático #302180,borrador de seguimiento
World of Bongs,shop@worldofbongs.co,tienda online (Alemania/UE),2026-08-06,"""We just drop ship.""",descartado: UE + dropship al consumidor (PACT y couriers)
Element Vape,(formulario/zendesk),tienda online grande,2026-08-18,ticket zendesk,buscar contacto de compras (vendor)
Ooze (Oozelife),support@oozelife.com,marca competidora,2026-08-18,ticket automático,descartado: es competidor
Yocan,support@yocanvaporizer.com,marca competidora,2026-08-17,ninguna,descartado: es competidor
Hamilton Devices,support@hamiltondevices.com,marca competidora,2026-08-18,ninguna,descartado: es competidor
Boost,boostmybattery@gmail.com,—,2026-08-17,rebotó (dirección inexistente),descartado
