ASIN,Keyword,Tags,Search Volume,Organic Rank,Sponsored Rank,Boosted?
"B0GT75CR86","contour glow brush","","233","63","6","No"
"B0GT75CR86","peelbrush","","513",">306",">96","No"
"B0GT75CR86","glo brush lymphatic","","47","130",">96","No"
"B0GT75CR86","humorousk contour face brush","","92",">306",">96","No"
"B0GT75CR86","nayori glo brush","","238",">306",">96","No"
"B0GT75CR86","recuvia lymphatic contour face brush - deflate define","","-","151",">96","No"
"B0GT75CR86","nuvetra contour glow brush","","319","30",">96","No"
"B0GT75CR86","glowche brush","","287","10",">96","No"
"B0GT75CR86","gettoreach lymphatic brush","","128","134",">96","No"
"B0GT75CR86","sooth silk contour brush","","138",">306",">96","No"
"B0GT75CR86","kojeva lymphatic brush face","","195","71",">96","No"
"B0GT75CR86","smoothsilk lymphatic brush","","20","102",">96","No"
"B0GT75CR86","recuva lymphatic brush","","98","134",">96","No"
"B0GT75CR86","lymphatic contour face brush k glow","","207","62",">96","No"
"B0GT75CR86","orynel globrush lymphatic","","181","142",">96","No"
"B0GT75CR86","sefvako lymphatic contour face brush","","334",">306",">96","No"
"B0GT75CR86","lymphatic drainage brush soft","","342","60",">96","No"
"B0GT75CR86","nuvetta contour glow brush","","224",">306",">96","No"
"B0GT75CR86","soothsilk contour brush","","68",">306",">96","No"
"B0GT75CR86","soft bristle lymphatic brush","","99","295",">96","No"
"B0GT75CR86","floriem lymphatic brush","","287","118",">96","No"
"B0GT75CR86","pharmacy skin brush","","169",">306",">96","No"
"B0GT75CR86","conture face brush lymphatic","","43","142",">96","No"
"B0GT75CR86","eteros lymphatic brush","","135","108",">96","No"
"B0GT75CR86","koniva face brush","","113","75",">96","No"
"B0GT75CR86","contour glow","","201",">306",">96","No"
"B0GT75CR86","soft bristle lymphatic contour brush","","118",">306",">96","No"
"B0GT75CR86","lift and glow lymphatic brush","","19",">306",">96","No"
"B0GT75CR86","auslina lymphatic brush","","47","182",">96","No"
"B0GT75CR86","cecily braden lymphatic face brush","","305","81",">96","No"
"B0GT75CR86","alvora lymphatic brush","","162",">306",">96","No"
"B0GT75CR86","korean lymphatic brush","","210","24",">96","No"
"B0GT75CR86","soft bristle face brush","","607","100",">96","No"
"B0GT75CR86","nayori lymphatic brush","","314","114",">96","No"
"B0GT75CR86","kojeva lymphatic brush","","275","134",">96","No"
"B0GT75CR86","puur house lymphatic brush","","138",">306",">96","No"
"B0GT75CR86","kojiva lymphatic brush","","181","124",">96","No"
"B0GT75CR86","skin brushes for body lymphatic","","194",">306",">96","No"
"B0GT75CR86","soothsilk lymphatic brush","","38","273",">96","No"
"B0GT75CR86","akei lymphatic brush","","43","74",">96","No"
"B0GT75CR86","eteross lymphatic brush","","50","273",">96","No"
"B0GT75CR86","non toxic lymphatic face brush","","100","122",">96","No"
"B0GT75CR86","viral lymphatic face brush","","430",">306",">96","No"
"B0GT75CR86","vodo face brush","","208",">306",">96","No"
"B0GT75CR86","soft lymphatic drainage face brush","","347","157",">96","No"
"B0GT75CR86","conture glow brush","","275",">306",">96","No"
"B0GT75CR86","glow brush for face","","86","35",">96","No"
"B0GT75CR86","civilized contour face brush","","148",">306",">96","No"
"B0GT75CR86","soothe silk lymphatic brush","","151","123",">96","No"
"B0GT75CR86","aeki lymphatic drainage brush","","39","176",">96","No"
"B0GT75CR86","nayori glow brush","","166",">306",">96","No"
"B0GT75CR86","kokeva lymphatic face brush","","162","166",">96","No"
"B0GT75CR86","fluffy facial brushes","","803",">306",">96","No"
"B0GT75CR86","nayori face brush","","42",">306",">96","No"
"B0GT75CR86","face massager brush","","60","59","11","No"
"B0GT75CR86","the lymphatic brush","","71",">306",">96","No"
"B0GT75CR86","auslina glow brush","","289",">306",">96","No"
"B0GT75CR86","vough lymphatic contour face brush","","233","155",">96","No"
"B0GT75CR86","nuverta lymphatic brush","","125","152",">96","No"
"B0GT75CR86","soft lymphatic brush","","173","203",">96","No"
"B0GT75CR86","lymph lift usa brush","","73",">306",">96","No"
"B0GT75CR86","soft lymphatic facial brush","","0","167",">96","No"
"B0GT75CR86","lymphatic contour face brush soft bristles","","271","76",">96","No"
"B0GT75CR86","kojivashop face brush","","154",">306",">96","No"
"B0GT75CR86","peel brush","","1914",">306",">96","No"
"B0GT75CR86","soft bristle lymphatic face brush","","68","203",">96","No"
"B0GT75CR86","glow brush lymphatic","","135","23","9","No"
"B0GT75CR86","soothesilk facial brush","","67","86",">96","No"
"B0GT75CR86","lymphatic beauty brush","","115","151",">96","No"
"B0GT75CR86","ultra soft brush depuff","","25","93",">96","No"
"B0GT75CR86","kojiba facial brush","","282","112",">96","No"
"B0GT75CR86","face mask brush applicator","","1276",">306",">96","No"
"B0GT75CR86","vido lymphatic drainage brush","","425","153",">96","No"
"B0GT75CR86","cepillo viral de tiktok","","88",">306",">96","No"
"B0GT75CR86","face drainage brush","","478","60",">96","No"
"B0GT75CR86","counter glow face brush","","54","44",">96","No"
"B0GT75CR86","lymph brush for face and neck","","634","89",">96","No"
"B0GT75CR86","lift glow lymphatic brush","","-","101",">96","No"
"B0GT75CR86","contour face brush for lymphatic drainage","","565","75",">96","No"
"B0GT75CR86","soft lymphatic brush face","","24","147",">96","No"
"B0GT75CR86","lymphatic brush cecily braden","","350","121",">96","No"
"B0GT75CR86","lymphatic contour face brush wooden handle","","58","224",">96","No"
"B0GT75CR86","contourglow brush","","317",">306",">96","No"
"B0GT75CR86","nubetra contour glow brush","","87",">306",">96","No"
"B0GT75CR86","￼contour glow brush","","402","73","12","No"
"B0GT75CR86","vddo face brush","","118","294",">96","No"
"B0GT75CR86","facial massage brushes puffiness","","71","181",">96","No"
"B0GT75CR86","counterglow face brush","","58","50",">96","No"
"B0GT75CR86","teriyaki face brush","","305",">306",">96","No"
"B0GT75CR86","kovija face brush","","245",">306",">96","No"
"B0GT75CR86","contour glow brush for face","","261","73",">96","No"
"B0GT75CR86","contour lymphatic brush","","0","118",">96","No"
"B0GT75CR86","contour brush lymphatic","","21","117",">96","No"
"B0GT75CR86","face depuffer brush","","298","127",">96","No"
"B0GT75CR86","recuvia lymphatic contour face brush eliminate","","46","140",">96","No"
"B0GT75CR86","vogue lymphatic face brush","","139","140",">96","No"
"B0GT75CR86","lymphatic dry brush for face","","522","100",">96","No"
"B0GT75CR86","soft facial brush for lymphatic drainage","","24","195",">96","No"
"B0GT75CR86","globrush for face","","26","82",">96","No"
"B0GT75CR86","soft face brush lymphatic","","187","201",">96","No"
"B0GT75CR86","lymphatic face brush aeki","","85","161",">96","No"
"B0GT75CR86","lymphatic contour face brush","","55044","141",">96","No"
"B0GT75CR86","lymphatic face brush","","14529","131",">96","No"
"B0GT75CR86","contour brush","","14544",">306",">96","No"
"B0GT75CR86","lymphatic drainage brush","","14363","118",">96","No"
"B0GT75CR86","face brush for lymphatic drainage","","5849","45",">96","No"
"B0GT75CR86","kojeva lymphatic face brush","","10269","137",">96","No"
"B0GT75CR86","gua sha brush","","4843","33",">96","No"
"B0GT75CR86","lymphatic brush","","5852","111",">96","No"
"B0GT75CR86","face sculpting brush","","2476","141",">96","No"
"B0GT75CR86","face mask brush","","3413",">306",">96","No"
"B0GT75CR86","lymphatic brush for face","","3254","142",">96","No"
"B0GT75CR86","facial brush for lymphatic drainage","","1805","111",">96","No"
"B0GT75CR86","face lymphatic drainage brush","","2476","85",">96","No"
"B0GT75CR86","dry brush for face","","2581","114",">96","No"
"B0GT75CR86","guasha brush for face","","2151","84","23","No"
"B0GT75CR86","face sculpting brush lymphatic","","600","151",">96","No"
"B0GT75CR86","guasha brush","","1276","92","20","No"
"B0GT75CR86","contour glow face brush","","244","60","9","No"
"B0GT75CR86","face dry brush","","1636","112",">96","No"
"B0GT75CR86","lymphatic drainage face brush","","2474","82",">96","No"
"B0GT75CR86","face lymphatic drainage","","801","222",">96","No"
"B0GT75CR86","lymphatic drainage face","","667",">306",">96","No"
"B0GT75CR86","face contour","","1000",">306",">96","No"
"B0GT75CR86","face cleaner brush","","682",">306",">96","No"
"B0GT75CR86","lymphatic facial brush","","803","130",">96","No"