"Fecha","Estado de la transacción","Tipo de transacción","Id. de pedido","Detalles del producto","Cargos por producto (total)","Devoluciones promocionales (total)","Tarifas de Amazon","Otros ajustes","Total (USD)"
"7/10/2026","Diferida","Pago del pedido","113-1055655-9648250","Lymphatic Contour Face Brush - Gua Sha G...","14.99","0","-6.34","0","8.65"
"7/10/2026","Diferida","Pago del pedido","112-7112143-4255438","Lymphatic Contour Face Brush - Gua Sha G...","14.99","0","-6.34","0","8.65"
"7/10/2026","Diferida","Pago del pedido","114-2501255-4915413","Lymphatic Contour Face Brush - Gua Sha G...","14.99","-1.5","-6.34","1.5","8.65"
"7/10/2026","Liberada","Tarifas de servicio","---","Tarifa por almacenamiento de inventario ...","0","0","-65.81","0","-65.81"
"7/10/2026","Diferida","Pago del pedido","114-0312078-3696227","Lymphatic Contour Face Brush - Gua Sha G...","14.99","0","-6.34","0","8.65"
"7/10/2026","Liberada","Pago del pedido","113-0508710-1571422","Lymphatic Contour Face Brush - Gua Sha G...","9.99","0","-4.04","0","5.95"
"7/10/2026","Diferida","Liquidaciones","114-2808862-4439417","Lymphatic Contour Face Brush - Gua Sha G...","0.99","0","-0.4","0","0.59"
"7/10/2026","Diferida","Pago del pedido","112-1611360-7841050","Lymphatic Contour Face Brush - Gua Sha G...","14.99","0","-6.34","0","8.65"
"6/10/2026","Liberada","Pago del pedido","114-0279578-3871472","Lymphatic Contour Face Brush - Gua Sha G...","9.99","0","-4.04","0","5.95"
"5/10/2026","Liberada","Pago del pedido","111-3006054-9327401","Lymphatic Contour Face Brush - Gua Sha G...","9.99","0","-4.04","0","5.95"
"4/10/2026","Liberada","Tarifas de servicio","---","Suscripción:","0","0","-39.99","0","-39.99"
"3/10/2026","Liberada","Pago del pedido","114-0768587-0803420","Lymphatic Contour Face Brush - Gua Sha G...","9.99","0","-4.04","0","5.95"
"2/10/2026","Liberada","Tarifas de servicio","---","Gastos de publicidad","0","0","-295.27","0","-295.27"
"2/10/2026","Liberada","Pago del pedido","111-2750315-6776200","Lymphatic Contour Face Brush - Gua Sha g...","9.99","0","-4.04","0","5.95"
"2/10/2026","Diferida","Pago del pedido","112-3617106-8670640","Lymphatic Contour Face Brush - Gua Sha G...","12.99","0","-6.04","0","6.95"
"1/10/2026","Liberada","Pago del pedido","111-9719757-5986645","Lymphatic Contour Face Brush - Gua Sha g...","9.99","-0.24","-4.04","0.24","5.95"
"1/10/2026","Diferida","Pago del pedido","112-7336785-8676267","Lymphatic Contour Face Brush - Gua Sha G...","13.99","-1.5","-2.1","1.5","11.89"
"1/10/2026","Liberada","Tarifas de servicio: Reversión","3c81745e-5791-4720-812a-7a0eed63cdd3","Tarifa basada en el rendimiento del cupó...","0","0","20.28","0","20.28"
"29/9/2026","Liberada","Pago del pedido","112-1624415-7043417","Lymphatic Contour Face Brush - Gua Sha g...","9.99","-0.43","-4.04","0.43","5.95"
"28/9/2026","Liberada","Pagado a Amazon | Pago reiterado del vendedor","---","---","0","0","0","403.86","403.86"
"27/9/2026","Liberada","Pago del pedido","114-7669489-0056222","Lymphatic Contour Face Brush - Gua Sha g...","9.99","-1.63","-4.04","1.63","5.95"
"27/9/2026","Liberada","Pago del pedido","114-9481373-8207420","Lymphatic Contour Face Brush - Gua Sha g...","9.99","0","-4.04","0","5.95"
"25/9/2026","Diferida","Pago del pedido","112-9323617-8608218","Lymphatic Contour Face Brush - Gua Sha g...","19.98","0","-18.93","10.85","11.9"
"25/9/2026","Liberada","Pago del pedido","111-4409229-1045033","Lymphatic Contour Face Brush - Gua Sha g...","9.99","0","-4.04","0","5.95"
"25/9/2026","Liberada","Pago del pedido","112-7799899-5790644","Lymphatic Contour Face Brush - Gua Sha g...","9.99","0","-4.04","0","5.95"
"23/9/2026","Liberada","Liquidaciones","111-2592630-5144223","Lymphatic Contour Face Brush - Gua Sha g...","0.8","0","-0.37","0","0.43"
"23/9/2026","Liberada","Pago del pedido","112-8560326-7022651","Lymphatic Contour Face Brush - Gua Sha g...","9.99","0","-4.04","0","5.95"
"23/9/2026","Liberada","Pago del pedido","111-3721202-9676209","Lymphatic Contour Face Brush - Gua Sha g...","9.99","-0.59","-4.04","0.59","5.95"
"22/9/2026","Liberada","Pago del pedido","111-8561721-9328246","Lymphatic Contour Face Brush - Gua Sha g...","19.98","-1.49","-8.08","1.49","11.9"
"21/9/2026","Liberada","Pago del pedido","113-3868358-2533853","Lymphatic Contour Face Brush - Gua Sha g...","9.99","0","-4.04","0","5.95"
"21/9/2026","Liberada","Pago del pedido","113-7866322-0193814","Lymphatic Contour Face Brush - Gua Sha g...","9.99","0","-4.04","0","5.95"
"19/9/2026","Liberada","Pago del pedido","112-2476185-9247442","Lymphatic Contour Face Brush - Gua Sha g...","9.99","0","-4.04","0","5.95"
"19/9/2026","Liberada","Pago del pedido","114-3762096-6688227","Lymphatic Contour Face Brush - Gua Sha g...","9.99","0","-4.04","0","5.95"
"18/9/2026","Liberada","Reembolso","114-8440996-1660224","Lymphatic Contour Face Brush - Gua Sha g...","-13.99","0","1.68","0","-12.31"
"18/9/2026","Liberada","Pago del pedido","112-5882105-8369837","Lymphatic Contour Face Brush - Gua Sha g...","9.99","0","-4.04","0","5.95"
"18/9/2026","Liberada","Pago del pedido","113-7586985-0727432","Lymphatic Contour Face Brush - Gua Sha g...","19.98","-1.2","-8.08","1.2","11.9"
"17/9/2026","Liberada","Pago del pedido","113-0451647-0874631","Lymphatic Contour Face Brush - Gua Sha g...","9.99","0","-4.04","0","5.95"
"17/9/2026","Liberada","Pago del pedido","113-7772610-5649807","Lymphatic Contour Face Brush - Gua Sha g...","9.99","0","-4.04","0","5.95"
"17/9/2026","Liberada","Pago del pedido","113-2886160-6069809","Lymphatic Contour Face Brush - Gua Sha g...","9.99","0","-4.04","0","5.95"
"17/9/2026","Liberada","Pago del pedido","113-0282356-3181074","Lymphatic Contour Face Brush - Gua Sha g...","9.99","0","-4.04","0","5.95"
"17/9/2026","Liberada","Pago del pedido","113-8609413-6620243","Lymphatic Contour Face Brush - Gua Sha g...","9.99","0","-4.04","0","5.95"
"17/9/2026","Liberada","Pago del pedido","114-7183109-2037866","Lymphatic Contour Face Brush - Gua Sha g...","9.99","0","-4.04","0","5.95"
"16/9/2026","Liberada","Pago del pedido","113-4869172-8245836","Lymphatic Contour Face Brush - Gua Sha g...","9.99","0","-4.04","0","5.95"
"16/9/2026","Liberada","Pago del pedido","111-1446037-6394647","Lymphatic Contour Face Brush - Gua Sha g...","9.99","0","-4.04","0","5.95"
"16/9/2026","Liberada","Pago del pedido","112-9351157-6780220","Lymphatic Contour Face Brush - Gua Sha g...","9.99","-4.78","-4.04","4.78","5.95"
"16/9/2026","Diferida","Liquidaciones","113-5241090-4593852","Lymphatic Contour Face Brush - Gua Sha g...","1.16","0","-0.42","0","0.74"
"16/9/2026","Liberada","Pago del pedido","113-7356888-8467443","Lymphatic Contour Face Brush - Gua Sha g...","9.99","0","-4.04","0","5.95"
"15/9/2026","Liberada","Pago del pedido","112-1846232-6485011","Lymphatic Contour Face Brush - Gua Sha g...","9.99","-3.2","-4.04","3.2","5.95"
"15/9/2026","Liberada","Pago del pedido","111-7185821-3551454","Lymphatic Contour Face Brush - Gua Sha g...","9.99","0","-4.04","0","5.95"
"15/9/2026","Liberada","Pago del pedido","113-8102808-7017033","Lymphatic Contour Face Brush - Gua Sha g...","9.99","0","-4.04","0","5.95"
"14/9/2026","Liberada","Pago del pedido","111-4842923-8861869","Lymphatic Contour Face Brush - Gua Sha g...","9.99","0","-4.04","0","5.95"
"14/9/2026","Liberada","Pago del pedido","111-1734242-5528256","Lymphatic Contour Face Brush - Gua Sha g...","9.99","0","-4.04","0","5.95"
"14/9/2026","Liberada","Reembolso","111-1734242-5528256","Lymphatic Contour Face Brush - Gua Sha g...","-9.99","0","0.64","0","-9.35"
"13/9/2026","Liberada","Pago del pedido","111-7503594-5406643","Lymphatic Contour Face Brush - Gua Sha g...","9.99","0","-4.04","0","5.95"
"13/9/2026","Liberada","Pago del pedido","112-7962207-3977000","Lymphatic Contour Face Brush - Gua Sha g...","9.99","-0.2","-4.04","0.2","5.95"
"13/9/2026","Liberada","Pago del pedido","114-1251235-4309008","Lymphatic Contour Face Brush - Gua Sha g...","9.99","0","-4.04","0","5.95"
"13/9/2026","Liberada","Pago del pedido","114-8064542-1768243","Lymphatic Contour Face Brush - Gua Sha g...","9.99","0","-4.04","0","5.95"
"12/9/2026","Liberada","Pago del pedido","112-6636756-0382640","Lymphatic Contour Face Brush - Gua Sha g...","9.99","0","-4.04","0","5.95"
"12/9/2026","Liberada","Pago del pedido","113-7667144-5664250","Lymphatic Contour Face Brush - Gua Sha g...","9.99","0","-4.04","0","5.95"
"12/9/2026","Liberada","Pago del pedido","114-7266613-3951451","Lymphatic Contour Face Brush - Gua Sha g...","9.99","-1.14","-4.04","1.14","5.95"
"11/9/2026","Liberada","Pago del pedido","111-4953592-5825851","Lymphatic Contour Face Brush - Gua Sha g...","9.99","0","-4.04","0","5.95"
"11/9/2026","Liberada","Pago del pedido","113-8126850-5997821","Lymphatic Contour Face Brush - Gua Sha g...","9.99","0","-4.04","0","5.95"
"11/9/2026","Liberada","Pago del pedido","111-1054876-9391412","Lymphatic Contour Face Brush - Gua Sha g...","9.99","0","-4.04","0","5.95"
"11/9/2026","Liberada","Pago del pedido","112-3745945-7875424","Lymphatic Contour Face Brush - Gua Sha g...","9.99","0","-4.04","0","5.95"
"11/9/2026","Liberada","Pago del pedido","111-2849679-3400223","Lymphatic Contour Face Brush - Gua Sha g...","9.99","0","-4.04","0","5.95"
"11/9/2026","Liberada","Pago del pedido","113-5917862-9965004","Lymphatic Contour Face Brush - Gua Sha g...","9.99","0","-4.04","0","5.95"
"11/9/2026","Liberada","Pago del pedido","114-7171262-9183444","Lymphatic Contour Face Brush - Gua Sha g...","9.99","0","-4.04","0","5.95"
"11/9/2026","Liberada","Pago del pedido","112-0076066-6856270","Lymphatic Contour Face Brush - Gua Sha g...","9.99","0","-4.04","0","5.95"
"11/9/2026","Liberada","Pago del pedido","113-4337867-3313828","Lymphatic Contour Face Brush - Gua Sha g...","9.99","0","-4.04","0","5.95"
"10/9/2026","Liberada","Reembolso","114-2808862-4439417","Lymphatic Contour Face Brush - Gua Sha g...","-13.29","0","1.59","0","-11.7"
"10/9/2026","Liberada","Pago del pedido","114-6453423-7187446","Lymphatic Contour Face Brush - Gua Sha g...","9.99","0","-4.04","0","5.95"
"10/9/2026","Liberada","Pago del pedido","113-8286401-7573047","Lymphatic Contour Face Brush - Gua Sha g...","9.99","0","-4.04","0","5.95"
"9/9/2026","Liberada","Pago del pedido","113-5770492-4826600","Lymphatic Contour Face Brush - Gua Sha g...","9.99","0","-4.04","0","5.95"
"9/9/2026","Liberada","Pago del pedido","114-0716733-3901863","Lymphatic Contour Face Brush - Gua Sha g...","9.99","0","-4.04","0","5.95"
"9/9/2026","Liberada","Pago del pedido","111-6034477-7376203","Lymphatic Contour Face Brush - Gua Sha g...","9.99","0","-4.04","0","5.95"
"9/9/2026","Liberada","Pago del pedido","113-7163182-4271400","Lymphatic Contour Face Brush - Gua Sha g...","9.99","0","-11.03","6.99","5.95"
"9/9/2026","Liberada","Pago del pedido","114-4103732-9625828","Lymphatic Contour Face Brush - Gua Sha g...","9.99","0","-4.04","0","5.95"
"8/9/2026","Liberada","Pago del pedido","114-0765746-0436214","Lymphatic Contour Face Brush - Gua Sha g...","9.99","0","-4.04","0","5.95"
"8/9/2026","Liberada","Pago del pedido","112-6261719-8641863","Lymphatic Contour Face Brush - Gua Sha g...","8.99","0","-3.96","0","5.03"
"8/9/2026","Liberada","Pago del pedido","112-2490991-7666626","Lymphatic Contour Face Brush - Gua Sha g...","9.99","0","-4.04","0","5.95"
"7/9/2026","Liberada","Tarifas de servicio","---","Tarifa por almacenamiento de inventario ...","0","0","-118.48","0","-118.48"
"7/9/2026","Liberada","Pago del pedido","112-4748335-3295447","Lymphatic Contour Face Brush - Gua Sha g...","8.99","0","-3.96","0","5.03"
"6/9/2026","Liberada","Pago del pedido","112-9232743-2980237","Lymphatic Contour Face Brush - Gua Sha g...","8.99","0","-3.96","0","5.03"
"6/9/2026","Liberada","Pago del pedido","114-7107903-5777058","Lymphatic Contour Face Brush - Gua Sha g...","8.99","0","-3.96","0","5.03"
"6/9/2026","Liberada","Pago del pedido","113-3409428-4135452","Lymphatic Contour Face Brush - Gua Sha g...","8.99","0","-3.96","0","5.03"
"5/9/2026","Liberada","Reembolso","112-6262899-7441036","Lymphatic Contour Face Brush - Gua Sha g...","-12.99","0","3.27","-1.71","-11.43"
"5/9/2026","Liberada","Pago del pedido","111-1518550-6956253","Lymphatic Contour Face Brush - Gua Sha g...","12.99","0","-6.04","0","6.95"
"5/9/2026","Liberada","Pago del pedido","112-6262899-7441036","Lymphatic Contour Face Brush - Gua Sha g...","12.99","0","-7.75","1.71","6.95"
"5/9/2026","Liberada","Pago del pedido","111-8902536-4456232","Lymphatic Contour Face Brush - Gua Sha g...","8.99","0","-3.96","0","5.03"
"5/9/2026","Liberada","Pago del pedido","113-8035990-0084214","Lymphatic Contour Face Brush - Gua Sha g...","8.99","0","-3.96","0","5.03"
"4/9/2026","Liberada","Pago del pedido","112-4636153-3099424","Lymphatic Contour Face Brush - Gua Sha g...","8.99","0","-3.96","0","5.03"
"4/9/2026","Liberada","Tarifas de servicio","---","Suscripción:","0","0","-39.99","0","-39.99"
"3/9/2026","Liberada","Pago del pedido","114-7453341-2225823","Lymphatic Contour Face Brush - Gua Sha g...","8.99","0","-3.96","0","5.03"
"3/9/2026","Liberada","Pago del pedido","113-5222549-8470658","Lymphatic Contour Face Brush - Gua Sha g...","12.99","0","-6.04","0","6.95"
"3/9/2026","Liberada","Pago del pedido","111-4020596-4898617","Lymphatic Contour Face Brush - Gua Sha g...","12.99","0","-6.4","0.36","6.95"
"3/9/2026","Liberada","Pago del pedido","112-2159989-5797022","Lymphatic Contour Face Brush - Gua Sha g...","8.99","-1.49","-3.96","1.49","5.03"
"3/9/2026","Liberada","Pago del pedido","112-7356891-9210633","Lymphatic Contour Face Brush - Gua Sha g...","13.99","-0.33","-6.19","0.33","7.8"
"3/9/2026","Liberada","Pago del pedido","113-4228285-6945053","Lymphatic Contour Face Brush - Gua Sha g...","8.99","0","-3.96","0","5.03"
"2/9/2026","Liberada","Tarifas de servicio","---","Gastos de publicidad","0","0","-414.86","0","-414.86"
"2/9/2026","Liberada","Pago del pedido","113-3615155-3906645","Lymphatic Contour Face Brush - Gua Sha g...","12.99","0","-6.04","0","6.95"
"2/9/2026","Liberada","Pago del pedido","111-6027886-7706624","Lymphatic Contour Face Brush - Gua Sha g...","12.99","0","-6.04","0","6.95"
"2/9/2026","Liberada","Pago del pedido","113-5242507-5845861","Lymphatic Contour Face Brush - Gua Sha g...","12.99","0","-13.03","6.99","6.95"
"2/9/2026","Liberada","Pago del pedido","112-2129593-3929003","Lymphatic Contour Face Brush - Gua Sha g...","13.99","0","-6.19","0","7.8"
"1/9/2026","Liberada","Pago del pedido","114-6488336-5798663","Lymphatic Contour Face Brush - Gua Sha g...","13.99","-0.04","-6.19","0.04","7.8"
"1/9/2026","Liberada","Pago del pedido","111-9545933-8423426","Lymphatic Contour Face Brush - Gua Sha g...","12.99","0","-6.04","0","6.95"
"31/8/2026","Liberada","Pago del pedido","114-3784280-6062637","Lymphatic Contour Face Brush - Gua Sha g...","13.99","0","-6.19","0","7.8"
"31/8/2026","Liberada","Pago del pedido","114-0291853-1141034","Lymphatic Contour Face Brush - Gua Sha g...","13.99","0","-6.19","0","7.8"
"31/8/2026","Liberada","Pago del pedido","113-8993393-6395464","Lymphatic Contour Face Brush - Gua Sha g...","13.99","0","-6.19","0","7.8"
"31/8/2026","Liberada","Pago del pedido","111-9619056-1516266","Lymphatic Contour Face Brush - Gua Sha g...","13.99","0","-6.19","0","7.8"
"31/8/2026","Liberada","Reembolso","113-5241090-4593852","Lymphatic Contour Face Brush - Gua Sha g...","-13.99","0.5","1.68","-0.5","-12.31"
"30/8/2026","Liberada","Pago del pedido","111-8620717-3189815","Lymphatic Contour Face Brush - Gua Sha g...","13.99","0","-6.19","0","7.8"
"30/8/2026","Liberada","Pago del pedido","112-9091055-5297834","Lymphatic Contour Face Brush - Gua Sha g...","13.99","0","-6.19","0","7.8"
"30/8/2026","Liberada","Pago del pedido","111-9707293-8404229","Lymphatic Contour Face Brush - Gua Sha g...","13.99","0","-6.19","0","7.8"
"30/8/2026","Liberada","Pago del pedido","113-3130968-4897030","Lymphatic Contour Face Brush - Gua Sha g...","13.99","0","-6.19","0","7.8"
"30/8/2026","Liberada","Reembolso","112-9091055-5297834","Lymphatic Contour Face Brush - Gua Sha g...","-13.99","0","1.68","0","-12.31"
"30/8/2026","Liberada","Pago del pedido","114-1406410-1406652","Lymphatic Contour Face Brush - Gua Sha g...","13.99","0","-6.19","0","7.8"
"29/8/2026","Liberada","Pago del pedido","112-2850712-6835432","Lymphatic Contour Face Brush - Gua Sha g...","13.99","0","-6.19","0","7.8"
"29/8/2026","Liberada","Pago del pedido","112-4615051-2713063","Lymphatic Contour Face Brush - Gua Sha g...","13.99","0","-6.19","0","7.8"
"29/8/2026","Liberada","Pago del pedido","114-2808862-4439417","Lymphatic Contour Face Brush - Gua Sha g...","26.58","0","-11.16","0","15.42"
"29/8/2026","Liberada","Pago del pedido","112-5672003-2009022","Lymphatic Contour Face Brush - Gua Sha g...","13.99","-1.49","-6.19","1.49","7.8"
"29/8/2026","Liberada","Pago del pedido","113-2693207-2363469","Lymphatic Contour Face Brush - Gua Sha g...","13.99","-0.37","-6.19","0.37","7.8"
"29/8/2026","Liberada","Pago del pedido","113-1390231-0365851","Lymphatic Contour Face Brush - Gua Sha g...","13.99","-0.75","-6.19","0.75","7.8"
"29/8/2026","Liberada","Pago del pedido","114-8440996-1660224","Lymphatic Contour Face Brush - Gua Sha g...","13.99","0","-6.19","0","7.8"
"29/8/2026","Liberada","Pago del pedido","113-3296092-6084227","Lymphatic Contour Face Brush - Gua Sha g...","13.99","0","-6.19","0","7.8"
"28/8/2026","Liberada","Reembolso","112-8686759-0989064","Lymphatic Contour Brush For Face, Contou...","-9.99","0","0.64","0","-9.35"
"28/8/2026","Liberada","Pago del pedido","114-1181107-1129000","Lymphatic Contour Face Brush - Gua Sha g...","13.99","0","-6.19","0","7.8"
"28/8/2026","Liberada","Pago del pedido","113-5241090-4593852","Lymphatic Contour Face Brush - Gua Sha g...","13.99","-0.5","-6.19","0.5","7.8"
"28/8/2026","Liberada","Pago del pedido","111-9230249-6935452","Lymphatic Contour Face Brush - Gua Sha g...","13.99","0","-6.19","0","7.8"
"27/8/2026","Liberada","Reembolso","114-0720636-9441022","Lymphatic Contour Face Brush - Gua Sha g...","-13.99","0","1.68","0","-12.31"
"27/8/2026","Liberada","Pago del pedido","114-0025768-0189832","Lymphatic Contour Face Brush - Gua Sha g...","13.99","0","-6.19","0","7.8"
"27/8/2026","Liberada","Pago del pedido","114-0720636-9441022","Lymphatic Contour Face Brush - Gua Sha g...","13.99","0","-6.19","0","7.8"
"27/8/2026","Liberada","Pago del pedido","112-1218158-0330635","Lymphatic Contour Face Brush - Gua Sha g...","13.99","0","-6.19","0","7.8"
"26/8/2026","Liberada","Pago del pedido","113-2685957-7448265","Lymphatic Contour Face Brush - Gua Sha g...","13.99","0","-6.19","0","7.8"
"26/8/2026","Liberada","Pago del pedido","111-8811476-1817055","Lymphatic Contour Brush For Face, Contou...","9.99","0","-5.02","0.98","5.95"
"26/8/2026","Liberada","Pago del pedido","111-8173302-6975457","Lymphatic Contour Brush For Face, Contou...","9.99","0","-4.04","0","5.95"
"26/8/2026","Liberada","Pago del pedido","112-3300707-6530604","Lymphatic Contour Face Brush - Gua Sha g...","13.99","0","-6.19","0","7.8"
"25/8/2026","Liberada","Pago del pedido","113-5712976-9341005","Lymphatic Contour Brush For Face, Contou...","9.99","0","-4.04","0","5.95"
"25/8/2026","Liberada","Pago del pedido","114-4005490-8033821","Lymphatic Contour Brush For Face, Contou...","9.99","0","-4.04","0","5.95"
"25/8/2026","Liberada","Pago del pedido","111-9055370-9176218","Lymphatic Contour Brush For Face, Contou...","9.99","0","-4.04","0","5.95"
"25/8/2026","Liberada","Pago del pedido","114-6794349-1905835","Lymphatic Contour Brush For Face, Contou...","9.99","0","-4.04","0","5.95"
"25/8/2026","Liberada","Pago del pedido","111-1685065-0179460","Lymphatic Contour Brush For Face, Contou...","9.99","-1.5","-4.04","1.5","5.95"
"24/8/2026","Liberada","Pago del pedido","113-0901954-6406653","Lymphatic Contour Brush For Face, Contou...","9.99","0","-4.04","0","5.95"
"23/8/2026","Liberada","Pago del pedido","111-9888719-1642663","Lymphatic Contour Brush For Face, Contou...","9.99","0","-4.04","0","5.95"
"23/8/2026","Liberada","Pago del pedido","114-9786301-3797854","Lymphatic Contour Brush For Face, Contou...","9.99","0","-4.04","0","5.95"
"23/8/2026","Liberada","Pago del pedido","112-8686759-0989064","Lymphatic Contour Brush For Face, Contou...","9.99","0","-4.04","0","5.95"
"22/8/2026","Liberada","Pago del pedido","114-0488142-9141830","Lymphatic Contour Brush For Face, Contou...","9.99","0","-4.04","0","5.95"
"22/8/2026","Liberada","Pago del pedido","114-1136383-4020266","Lymphatic Contour Brush For Face, Contou...","9.99","-0.71","-4.04","0.71","5.95"
"22/8/2026","Liberada","Pago del pedido","113-2965313-5278666","Lymphatic Contour Brush For Face, Contou...","9.99","0","-4.04","0","5.95"
"22/8/2026","Liberada","Pago del pedido","114-1011944-5024263","Lymphatic Contour Brush For Face, Contou...","9.99","0","-4.04","0","5.95"
"22/8/2026","Liberada","Pago del pedido","113-3027157-6458635","Lymphatic Contour Brush For Face, Contou...","9.99","0","-4.04","0","5.95"
"22/8/2026","Liberada","Pago del pedido","113-2375655-9165002","Lymphatic Contour Brush For Face, Contou...","9.99","0","-4.04","0","5.95"
"22/8/2026","Liberada","Pago del pedido","111-8389792-9081808","Lymphatic Contour Brush For Face, Contou...","9.99","0","-4.04","0","5.95"
"22/8/2026","Liberada","Pago del pedido","111-3666673-1080209","Lymphatic Contour Brush For Face, Contou...","9.99","0","-4.04","0","5.95"
"22/8/2026","Liberada","Pago del pedido","111-0260259-5213025","Lymphatic Contour Brush For Face, Contou...","9.99","0","-4.04","0","5.95"
"21/8/2026","Liberada","Pago del pedido","114-8749677-4768237","Lymphatic Contour Brush For Face, Contou...","9.99","0","-4.04","0","5.95"
"21/8/2026","Liberada","Pago del pedido","111-5015281-5136261","Lymphatic Contour Brush For Face, Contou...","9.99","0","-4.04","0","5.95"
"21/8/2026","Liberada","Pago del pedido","112-2985981-2575413","Lymphatic Contour Brush For Face, Contou...","9.99","0","-4.04","0","5.95"
"21/8/2026","Liberada","Pago del pedido","112-5975134-0598616","Lymphatic Contour Brush For Face, Contou...","9.99","0","-4.04","0","5.95"
"21/8/2026","Liberada","Pago del pedido","111-4870265-0621047","Lymphatic Contour Brush For Face, Contou...","9.99","-1.21","-4.04","1.21","5.95"
"21/8/2026","Liberada","Pago del pedido","112-2318649-9998611","Lymphatic Contour Brush For Face, Contou...","9.99","0","-4.04","0","5.95"
"21/8/2026","Liberada","Pago del pedido","114-7982784-1743412","Lymphatic Contour Brush For Face, Contou...","9.99","0","-4.04","0","5.95"
"21/8/2026","Liberada","Pago del pedido","114-6694578-5002657","Lymphatic Contour Brush For Face, Contou...","9.99","0","-4.04","0","5.95"
"21/8/2026","Liberada","Tarifas de servicio","---","Gastos de publicidad","0","0","-499.27","0","-499.27"
"20/8/2026","Liberada","Pago del pedido","112-8005473-7847436","Lymphatic Contour Brush For Face, Contou...","9.99","0","-4.04","0","5.95"
"20/8/2026","Liberada","Pago del pedido","111-4827644-7406656","Lymphatic Contour Brush For Face, Contou...","9.99","0","-4.04","0","5.95"
"20/8/2026","Liberada","Pago del pedido","111-0555578-8801805","Lymphatic Contour Brush For Face, Contou...","9.99","-0.74","-4.04","0.74","5.95"
"20/8/2026","Liberada","Pago del pedido","114-4929314-2564220","Lymphatic Contour Brush For Face, Contou...","9.99","0","-11.03","6.99","5.95"
"20/8/2026","Liberada","Pago del pedido","111-6849605-6717833","Lymphatic Contour Brush For Face, Contou...","9.99","-0.75","-4.04","0.75","5.95"
"20/8/2026","Liberada","Pago del pedido","111-5262461-0113024","Lymphatic Contour Brush For Face, Contou...","9.99","0","-4.04","0","5.95"
"19/8/2026","Liberada","Pago del pedido","113-5750119-7175457","Lymphatic Contour Brush For Face, Contou...","9.99","0","-4.04","0","5.95"
"19/8/2026","Liberada","Pago del pedido","113-9584457-8050611","Lymphatic Contour Brush For Face, Contou...","9.99","0","-4.04","0","5.95"
"19/8/2026","Liberada","Pago del pedido","111-8641051-7582617","Lymphatic Contour Brush For Face, Contou...","9.99","0","-4.04","0","5.95"
"19/8/2026","Liberada","Pago del pedido","114-3015101-6303406","Lymphatic Contour Brush For Face, Contou...","9.99","0","-4.04","0","5.95"
"19/8/2026","Liberada","Pago del pedido","113-8774306-0591456","Lymphatic Contour Brush For Face, Contou...","9.99","0","-4.04","0","5.95"
"18/8/2026","Liberada","Pago del pedido","113-2904450-5669063","Lymphatic Contour Brush For Face, Contou...","9.99","-0.17","-4.04","0.17","5.95"
"18/8/2026","Liberada","Pago del pedido","113-7597795-5039443","Lymphatic Contour Brush For Face, Contou...","9.99","0","-4.04","0","5.95"
"18/8/2026","Liberada","Pago del pedido","114-9121276-4210603","Lymphatic Contour Brush For Face, Contou...","9.99","0","-4.04","0","5.95"
"18/8/2026","Liberada","Pago del pedido","111-6257139-0853007","Lymphatic Contour Brush For Face, Contou...","9.99","0","-4.04","0","5.95"
"18/8/2026","Liberada","Pago del pedido","114-0209770-8907458","Lymphatic Contour Brush For Face, Contou...","9.99","0","-4.04","0","5.95"
"18/8/2026","Liberada","Pago del pedido","113-9415907-4554618","Lymphatic Contour Brush For Face, Contou...","9.99","0","-4.04","0","5.95"
"17/8/2026","Liberada","Pago del pedido","114-5819143-1660249","Lymphatic Contour Brush For Face, Contou...","9.99","0","-4.04","0","5.95"
"16/8/2026","Liberada","Pago del pedido","111-1631979-0818609","Lymphatic Contour Brush For Face, Contou...","9.99","0","-4.04","0","5.95"
"16/8/2026","Liberada","Pago del pedido","113-6450784-9149024","Lymphatic Contour Brush For Face, Contou...","9.99","0","-4.04","0","5.95"
"16/8/2026","Liberada","Pago del pedido","111-0106169-9134605","Lymphatic Contour Brush For Face, Contou...","9.99","0","-4.04","0","5.95"
"16/8/2026","Liberada","Pago del pedido","112-3803311-5375437","Lymphatic Contour Brush For Face, Contou...","9.99","0","-4.04","0","5.95"
"16/8/2026","Liberada","Pago del pedido","113-9678056-3508231","Lymphatic Contour Brush For Face, Contou...","9.99","0","-4.04","0","5.95"
"16/8/2026","Liberada","Pago del pedido","114-9622573-9633866","Lymphatic Contour Brush For Face, Contou...","9.99","0","-4.04","0","5.95"
"16/8/2026","Liberada","Pago del pedido","111-0699421-4422623","Lymphatic Contour Brush For Face, Contou...","9.99","0","-4.04","0","5.95"
"14/8/2026","Liberada","Pago del pedido","111-7926965-3967468","Lymphatic Contour Brush For Face, Contou...","9.99","-2.99","-4.04","2.99","5.95"
"14/8/2026","Liberada","Pago del pedido","112-4810945-5711433","Lymphatic Contour Brush For Face, Contou...","9.99","0","-4.04","0","5.95"
"13/8/2026","Liberada","Pago del pedido","113-7276790-1214658","Lymphatic Contour Brush For Face, Contou...","9.99","0","-4.04","0","5.95"
"13/8/2026","Liberada","Pago del pedido","114-9160946-4542636","Lymphatic Contour Brush For Face, Contou...","9.99","0","-4.04","0","5.95"
"10/8/2026","Liberada","Tarifas de servicio","111-4873208-3225860","Tarifa por eliminación de inventario","0","0","-0.84","0","-0.84"
"7/8/2026","Liberada","Tarifas de servicio","---","Tarifa por almacenamiento de inventario ...","0","0","-119.89","0","-119.89"
"5/8/2026","Liberada","Liquidaciones","114-3825721-9289060","Lymphatic Contour Brush For Face, Contou...","1.19","0","-0.43","0","0.76"
"4/8/2026","Liberada","Tarifas de servicio","---","Suscripción:","0","0","-39.99","0","-39.99"
"1/8/2026","Liberada","Reembolso","111-2592630-5144223","Lymphatic Contour Brush For Face, Contou...","-9.99","1.49","0.64","-1.49","-9.35"
"25/7/2026","Liberada","Reembolso de inventario","---","Reembolso inverso de FBA","0","0","0","-8.65","-8.65"
"25/7/2026","Liberada","Reembolso","112-6409296-6334654","Lymphatic Contour Brush For Face, Contou...","-9.99","0","0.64","0","-9.35"
"22/7/2026","Liberada","Saldo no disponible","---","Saldo retenido actual","0","0","0","-276.13","-276.13"
"22/7/2026","Liberada","Saldo no disponible del extracto anterior","---","Saldo retenido anterior","0","0","0","276.13","276.13"
"20/7/2026","Liberada","Reembolso de inventario","112-0227425-6746639","Reembolso de inventario de Logística de Amazon","0","0","0","8.65","8.65"
"19/7/2026","Liberada","Tarifas de servicio","113-7051951-5867401","Tarifa por eliminación de inventario","0","0","-0.84","0","-0.84"
"18/7/2026","Liberada","Liquidaciones","112-6439378-4679419","Lymphatic Contour Brush For Face, Contou...","1.25","0","-0.44","0","0.81"
"18/7/2026","Liberada","Liquidaciones","111-6442248-6372206","Lymphatic Contour Brush For Face, Contou...","1.3","0","-0.45","0","0.85"
"18/7/2026","Liberada","Liquidaciones","111-6442248-6372206","Lymphatic Contour Brush For Face, Contou...","1.3","0","-0.45","0","0.85"
"15/7/2026","Liberada","Reembolso","111-4873208-3225860","Lymphatic Contour Brush For Face, Contou...","-9.99","0","0.64","0","-9.35"
"15/7/2026","Liberada","Tarifas de servicio","CQowhOW5Z/","Tarifa por eliminación de inventario","0","0","-0.84","0","-0.84"
"13/7/2026","Liberada","Tarifas de servicio","FBA19979GL86","Tarifa del servicio de ubicación de enví...","0","0","-0.48","0","-0.48"
"13/7/2026","Liberada","Reembolso","113-0934489-3987443","Lymphatic Contour Brush For Face, Contou...","-12.99","1.3","1.4","0","-10.29"
"11/7/2026","Liberada","Liquidaciones","111-3012864-0785842","Avie Lymphatic Contour Face Brush, Conto...","1.19","0","-0.43","0","0.76"
"11/7/2026","Liberada","Pago del pedido","114-7085193-2500259","Lymphatic Contour Brush For Face, Contou...","9.99","-5.33","-4.04","5.33","5.95"
"10/7/2026","Liberada","Reembolso","114-3285790-8673008","Lymphatic Contour Brush For Face, Contou...","-12.99","1.3","1.4","0","-10.29"
"9/7/2026","Liberada","Pago del pedido","113-4271006-3437011","Lymphatic Contour Brush For Face, Contou...","9.99","0","-4.04","0","5.95"
"9/7/2026","Liberada","Reembolso","113-7051951-5867401","Avie Lymphatic Contour Face Brush, Conto...","-14.99","1.5","1.62","0","-11.87"
"8/7/2026","Liberada","Saldo no disponible","---","Saldo retenido actual","0","0","0","-296.27","-296.27"
"8/7/2026","Liberada","Saldo no disponible del extracto anterior","---","Saldo retenido anterior","0","0","0","296.27","296.27"
"8/7/2026","Liberada","Pago del pedido","114-2884276-0361037","Lymphatic Contour Brush For Face, Contou...","9.99","0","-4.04","0","5.95"
"8/7/2026","Liberada","Pago del pedido","112-5369648-5315415","Lymphatic Contour Brush For Face, Contou...","9.99","0","-4.04","0","5.95"
"7/7/2026","Liberada","Tarifas de servicio","---","Tarifa por almacenamiento de inventario ...","0","0","-122.32","0","-122.32"
"7/7/2026","Liberada","Pago del pedido","112-1281537-9644219","Lymphatic Contour Brush For Face, Contou...","9.99","0","-4.04","0","5.95"
"7/7/2026","Liberada","Pago del pedido","112-3483549-2939456","Lymphatic Contour Brush For Face, Contou...","9.99","0","-4.04","0","5.95"
"7/7/2026","Liberada","Pago del pedido","113-7162396-1258619","Lymphatic Contour Brush For Face, Contou...","9.99","0","-4.04","0","5.95"
"7/7/2026","Liberada","Pago del pedido","114-0610199-2711400","Lymphatic Contour Brush For Face, Contou...","9.99","0","-4.04","0","5.95"
"6/7/2026","Liberada","Pago del pedido","114-9543627-7869023","Lymphatic Contour Brush For Face, Contou...","9.99","0","-4.04","0","5.95"
"6/7/2026","Liberada","Pago del pedido","114-2576532-1327412","Lymphatic Contour Brush For Face, Contou...","9.99","0","-4.04","0","5.95"
"6/7/2026","Liberada","Pago del pedido","111-2592630-5144223","Lymphatic Contour Brush For Face, Contou...","9.99","-1.49","-4.04","1.49","5.95"
"6/7/2026","Liberada","Pago del pedido","111-8545685-3533006","Lymphatic Contour Brush For Face, Contou...","9.99","0","-4.04","0","5.95"
"6/7/2026","Liberada","Pago del pedido","114-7145820-2767426","Lymphatic Contour Brush For Face, Contou...","9.99","0","-4.04","0","5.95"
"6/7/2026","Liberada","Pago del pedido","114-3695029-4241802","Lymphatic Contour Brush For Face, Contou...","9.99","0","-4.04","0","5.95"
"5/7/2026","Liberada","Pago del pedido","114-6430692-1541823","Lymphatic Contour Brush For Face, Contou...","9.99","0","-4.04","0","5.95"
"5/7/2026","Liberada","Pago del pedido","114-5924162-7734660","Lymphatic Contour Brush For Face, Contou...","9.99","0","-4.04","0","5.95"
"5/7/2026","Liberada","Pago del pedido","112-3523732-3069025","Lymphatic Contour Brush For Face, Contou...","9.99","-0.99","-4.04","0.99","5.95"
"5/7/2026","Liberada","Pago del pedido","113-8898008-3255443","Lymphatic Contour Brush For Face, Contou...","9.99","0","-4.04","0","5.95"
"5/7/2026","Liberada","Pago del pedido","111-3355700-3145004","Lymphatic Contour Brush For Face, Contou...","9.99","0","-4.04","0","5.95"
"5/7/2026","Liberada","Pago del pedido","112-7676600-6135402","Lymphatic Contour Brush For Face, Contou...","9.99","0","-4.04","0","5.95"
"5/7/2026","Liberada","Pago del pedido","113-5888159-6341845","Lymphatic Contour Brush For Face, Contou...","9.99","0","-4.38","0.34","5.95"
"5/7/2026","Liberada","Pago del pedido","112-7097172-6381058","Lymphatic Contour Brush For Face, Contou...","9.99","-0.99","-4.04","0.99","5.95"
"5/7/2026","Liberada","Pago del pedido","113-3949146-6101054","Lymphatic Contour Brush For Face, Contou...","9.99","0","-4.04","0","5.95"
"5/7/2026","Liberada","Pago del pedido","113-4357808-4787401","Lymphatic Contour Brush For Face, Contou...","9.99","0","-4.04","0","5.95"
"5/7/2026","Liberada","Pago del pedido","111-0914890-8938663","Lymphatic Contour Brush For Face, Contou...","9.99","-1.01","-4.04","1.01","5.95"
"5/7/2026","Liberada","Pago del pedido","111-9600483-1463427","Lymphatic Contour Brush For Face, Contou...","9.99","0","-4.04","0","5.95"
"4/7/2026","Liberada","Pago del pedido","113-2564625-4141825","Lymphatic Contour Brush For Face, Contou...","9.99","0","-5.53","1.49","5.95"
"4/7/2026","Liberada","Pago del pedido","114-8317538-5410669","Lymphatic Contour Brush For Face, Contou...","9.99","0","-4.04","0","5.95"
"4/7/2026","Liberada","Pago del pedido","112-4130814-2184248","Lymphatic Contour Brush For Face, Contou...","9.99","0","-4.04","0","5.95"
"4/7/2026","Liberada","Tarifas de servicio","---","Suscripción:","0","0","-39.99","0","-39.99"
"4/7/2026","Liberada","Pago del pedido","112-9317354-6397021","Lymphatic Contour Brush For Face, Contou...","9.99","0","-4.04","0","5.95"
"4/7/2026","Liberada","Pago del pedido","111-4873208-3225860","Lymphatic Contour Brush For Face, Contou...","9.99","0","-4.04","0","5.95"
"4/7/2026","Liberada","Pago del pedido","112-9756275-6317837","Lymphatic Contour Brush For Face, Contou...","9.99","0","-4.04","0","5.95"
"4/7/2026","Liberada","Pago del pedido","112-8240737-5453053","Lymphatic Contour Brush For Face, Contou...","9.99","0","-4.04","0","5.95"
"3/7/2026","Liberada","Pago del pedido","112-1070012-7593061","Lymphatic Contour Brush For Face, Contou...","9.99","0","-4.04","0","5.95"
"3/7/2026","Liberada","Pago del pedido","111-5397684-2832211","Lymphatic Contour Brush For Face, Contou...","9.99","0","-4.04","0","5.95"
"3/7/2026","Liberada","Pago del pedido","114-2950846-2722662","Lymphatic Contour Brush For Face, Contou...","9.99","-0.75","-4.04","0.75","5.95"
"3/7/2026","Liberada","Pago del pedido","111-1498342-3620233","Lymphatic Contour Brush For Face, Contou...","9.99","0","-4.04","0","5.95"
"2/7/2026","Liberada","Pago del pedido","112-9556613-4238623","Lymphatic Contour Brush For Face, Contou...","9.99","0","-4.04","0","5.95"
"1/7/2026","Liberada","Pago del pedido","111-0506419-3610657","Lymphatic Contour Brush For Face, Contou...","9.99","-1.1","-3.96","0.1","5.03"
"1/7/2026","Liberada","Pago del pedido","111-0547176-5720253","Lymphatic Contour Brush For Face, Contou...","9.99","0","-4.04","0","5.95"
"1/7/2026","Liberada","Pago del pedido","114-9066207-7205849","Lymphatic Contour Brush For Face, Contou...","9.99","-0.75","-4.04","0.75","5.95"
"30/6/2026","Liberada","Pago del pedido","112-6409296-6334654","Lymphatic Contour Brush For Face, Contou...","9.99","0","-4.04","0","5.95"
"30/6/2026","Liberada","Pago del pedido","113-1272911-4897018","Lymphatic Contour Brush For Face, Contou...","9.99","0","-4.04","0","5.95"
"30/6/2026","Liberada","Pago del pedido","113-3010742-9648259","Lymphatic Contour Brush For Face, Contou...","9.99","0","-4.04","0","5.95"
"30/6/2026","Liberada","Pago del pedido","114-8372832-3655446","Lymphatic Contour Brush For Face, Contou...","9.99","-2.99","-4.04","2.99","5.95"
"30/6/2026","Liberada","Pago del pedido","113-1750748-0969819","Lymphatic Contour Brush For Face, Contou...","9.99","0","-4.04","0","5.95"
"30/6/2026","Liberada","Pago del pedido","114-9204522-6543446","Lymphatic Contour Brush For Face, Contou...","9.99","0","-4.04","0","5.95"
"30/6/2026","Liberada","Pago del pedido","113-4337286-2225059","Lymphatic Contour Brush For Face, Contou...","9.99","-1.11","-3.96","0.11","5.03"
"30/6/2026","Liberada","Pago del pedido","111-0575401-3294607","Lymphatic Contour Brush For Face, Contou...","9.99","-2.99","-4.04","2.99","5.95"
"29/6/2026","Liberada","Pago del pedido","114-1917894-1665046","Lymphatic Contour Brush For Face, Contou...","9.99","0","-4.04","0","5.95"
"29/6/2026","Liberada","Reembolso","114-6413006-9791465","Avie Lymphatic Contour Face Brush, Conto...","-13.99","1.4","1.51","0","-11.08"
"29/6/2026","Liberada","Pago del pedido","111-3027949-0568259","Lymphatic Contour Brush For Face, Contou...","19.98","-0.75","-8.08","0.75","11.9"
"29/6/2026","Liberada","Tarifas de servicio","d14b00ff-178e-482c-b51d-ba5b2fe55447","Tarifa de participación de los cupones","0","0","-5","0","-5"
"29/6/2026","Liberada","Tarifas de servicio","d14b00ff-178e-482c-b51d-ba5b2fe55447","Tarifa basada en el rendimiento del cupó...","0","0","-13.34","0","-13.34"
"29/6/2026","Liberada","Pago del pedido","111-0089241-5315442","Lymphatic Contour Brush For Face, Contou...","9.99","0","-4.04","0","5.95"
"29/6/2026","Liberada","Pago del pedido","112-0733639-0251411","Lymphatic Contour Brush For Face, Contou...","9.99","0","-4.04","0","5.95"
"28/6/2026","Liberada","Pago del pedido","113-8894945-1403400","Lymphatic Contour Brush For Face, Contou...","12.99","-0.59","-6.04","0.59","6.95"
"28/6/2026","Liberada","Pago del pedido","113-3187331-2736212","Lymphatic Contour Brush For Face, Contou...","9.99","0","-4.04","0","5.95"
"28/6/2026","Liberada","Pago del pedido","113-2884184-6411469","Lymphatic Contour Brush For Face, Contou...","9.99","0","-4.04","0","5.95"
"28/6/2026","Liberada","Pago del pedido","112-6323505-3948231","Lymphatic Contour Brush For Face, Contou...","9.99","-0.42","-4.04","0.42","5.95"
"27/6/2026","Liberada","Pago del pedido","114-9901803-3293820","Lymphatic Contour Brush For Face, Contou...","9.99","-1","-3.96","0","5.03"
"27/6/2026","Liberada","Pago del pedido","114-1398907-2853026","Lymphatic Contour Brush For Face, Contou...","9.99","-1","-3.96","0","5.03"
"27/6/2026","Liberada","Pago del pedido","112-7046304-5439440","Lymphatic Contour Brush For Face, Contou...","9.99","-1","-3.96","0","5.03"
"27/6/2026","Liberada","Pago del pedido","111-0436466-2134609","Lymphatic Contour Brush For Face, Contou...","9.99","0","-4.04","0","5.95"
"27/6/2026","Liberada","Pago del pedido","112-8068233-9737013","Lymphatic Contour Brush For Face, Contou...","9.99","-1","-3.96","0","5.03"
"27/6/2026","Liberada","Pago del pedido","111-0512204-7019422","Lymphatic Contour Brush For Face, Contou...","9.99","-1","-3.96","0","5.03"
"27/6/2026","Liberada","Pago del pedido","111-6918461-9340214","Lymphatic Contour Brush For Face, Contou...","12.99","-1.3","-5.84","0","5.85"
"27/6/2026","Liberada","Pago del pedido","114-8216900-3154610","Lymphatic Contour Brush For Face, Contou...","9.99","-1","-3.96","0","5.03"
"26/6/2026","Liberada","Pago del pedido","113-5806403-8977007","Lymphatic Contour Brush For Face, Contou...","12.99","-1.3","-5.84","0","5.85"
"26/6/2026","Liberada","Pago del pedido","113-5339579-8109839","Lymphatic Contour Brush For Face, Contou...","12.99","0","-6.04","0","6.95"
"26/6/2026","Liberada","Pago del pedido","113-0948167-7149862","Lymphatic Contour Brush For Face, Contou...","9.99","0","-4.04","0","5.95"
"26/6/2026","Liberada","Pago del pedido","112-5720494-8193804","Lymphatic Contour Brush For Face, Contou...","9.99","-1.6","-3.96","0.6","5.03"
"26/6/2026","Liberada","Pago del pedido","114-6448159-5062632","Lymphatic Contour Brush For Face, Contou...","9.99","-3.99","-3.96","2.99","5.03"
"26/6/2026","Liberada","Pago del pedido","113-4836392-6417028","Lymphatic Contour Brush For Face, Contou...","12.99","-1.3","-5.84","0","5.85"
"26/6/2026","Liberada","Pago del pedido","113-8178293-1206642","Lymphatic Contour Brush For Face, Contou...","12.99","0","-6.04","0","6.95"
"25/6/2026","Liberada","Pago del pedido","114-8204978-4923468","Lymphatic Contour Brush For Face, Contou...","12.99","0","-6.04","0","6.95"
"25/6/2026","Liberada","Pago del pedido","114-9809399-1917801","Lymphatic Contour Brush For Face, Contou...","12.99","0","-6.04","0","6.95"
"25/6/2026","Liberada","Pago del pedido","112-4632873-0920220","Lymphatic Contour Brush For Face, Contou...","12.99","0","-6.04","0","6.95"
"25/6/2026","Liberada","Pago del pedido","114-1338695-3725050","Lymphatic Contour Brush For Face, Contou...","12.99","-1.3","-5.84","0","5.85"
"25/6/2026","Liberada","Pago del pedido","111-4930079-8789846","Lymphatic Contour Brush For Face, Contou...","12.99","0","-6.04","0","6.95"
"25/6/2026","Liberada","Pago del pedido","113-0934489-3987443","Lymphatic Contour Brush For Face, Contou...","12.99","-1.3","-5.84","0","5.85"
"25/6/2026","Liberada","Pago del pedido","111-6465956-9570661","Lymphatic Contour Brush For Face, Contou...","12.99","0","-6.04","0","6.95"
"24/6/2026","Liberada","Pago del pedido","112-5306398-2114650","Lymphatic Contour Brush For Face, Contou...","12.99","-1.3","-5.84","0","5.85"
"24/6/2026","Liberada","Pago del pedido","112-5537578-9045848","Lymphatic Contour Brush For Face, Contou...","12.99","-7.16","-6.04","7.16","6.95"
"24/6/2026","Liberada","Pago del pedido","111-7218235-6825028","Lymphatic Contour Brush For Face, Contou...","12.99","0","-6.04","0","6.95"
"24/6/2026","Liberada","Pago del pedido","114-4071027-4224234","Lymphatic Contour Brush For Face, Contou...","12.99","-1.89","-5.84","0.59","5.85"
"24/6/2026","Liberada","Pagado a Amazon | Pago reiterado del vendedor","---","---","0","0","0","191.29","191.29"
"24/6/2026","Liberada","Pago del pedido","112-6469421-1072206","Lymphatic Contour Brush For Face, Contou...","12.99","-1.3","-5.84","0","5.85"
"24/6/2026","Liberada","Pago del pedido","111-5782457-0491404","Lymphatic Contour Brush For Face, Contou...","12.99","-0.99","-6.04","0.99","6.95"
"23/6/2026","Liberada","Pago del pedido","112-4690546-6888234","Lymphatic Contour Brush For Face, Contou...","12.99","0","-6.04","0","6.95"
"23/6/2026","Liberada","Pago del pedido","113-2016413-3064258","Lymphatic Contour Brush For Face, Contou...","12.99","0","-6.04","0","6.95"
"23/6/2026","Liberada","Pago del pedido","113-6397908-1385059","Lymphatic Contour Brush For Face, Contou...","12.99","-1.3","-5.84","0","5.85"
"23/6/2026","Liberada","Pago del pedido","111-3732072-5383447","Lymphatic Contour Brush For Face, Contou...","12.99","-1.3","-5.84","0","5.85"
"23/6/2026","Liberada","Pago del pedido","114-9951923-6030604","Lymphatic Contour Brush For Face, Contou...","12.99","-1.3","-5.84","0","5.85"
"23/6/2026","Liberada","Pago del pedido","112-7376749-8393001","Lymphatic Contour Brush For Face, Contou...","12.99","-1.3","-5.84","0","5.85"
"23/6/2026","Liberada","Pago del pedido","114-0574193-1182632","Lymphatic Contour Brush For Face, Contou...","12.99","0","-6.04","0","6.95"
"22/6/2026","Liberada","Reembolso","113-8664649-8044204","Avie Lymphatic Contour Face Brush, Conto...","-13.99","2.8","1.34","0","-9.85"
"22/6/2026","Liberada","Pago del pedido","112-6838068-1202600","Lymphatic Contour Brush For Face, Contou...","12.99","-2.16","-5.84","0.86","5.85"
"22/6/2026","Liberada","Pago del pedido","113-3985534-2281019","Lymphatic Contour Brush For Face, Contou...","12.99","0","-6.04","0","6.95"
"22/6/2026","Liberada","Pago del pedido","112-0192740-4061864","Lymphatic Contour Brush For Face, Contou...","12.99","-1.3","-5.84","0","5.85"
"22/6/2026","Liberada","Pago del pedido","111-7731374-3872269","Lymphatic Contour Brush For Face, Contou...","12.99","-1.3","-5.84","0","5.85"
"21/6/2026","Liberada","Tarifas de servicio","---","Gastos de publicidad","0","0","-501.63","0","-501.63"
"21/6/2026","Liberada","Pago del pedido","113-6052635-8849826","Lymphatic Contour Brush For Face, Contou...","13.99","-1.58","-5.98","0.18","6.61"
"21/6/2026","Liberada","Pago del pedido","114-4555159-8525002","Lymphatic Contour Brush For Face, Contou...","12.99","-1.3","-5.84","0","5.85"
"21/6/2026","Liberada","Pago del pedido","111-9499047-8793031","Lymphatic Contour Brush For Face, Contou...","12.99","-1.3","-5.84","0","5.85"
"21/6/2026","Liberada","Pago del pedido","114-3825721-9289060","Lymphatic Contour Brush For Face, Contou...","12.99","-1.9","-5.84","0.6","5.85"
"21/6/2026","Liberada","Pago del pedido","114-7912972-7365047","Lymphatic Contour Brush For Face, Contou...","12.99","-1.3","-5.84","0","5.85"
"21/6/2026","Liberada","Pago del pedido","111-5730637-0145859","Lymphatic Contour Brush For Face, Contou...","12.99","-1.3","-5.84","0","5.85"
"21/6/2026","Liberada","Pago del pedido","111-9707328-0592222","Lymphatic Contour Brush For Face, Contou...","12.99","-1.3","-5.84","0","5.85"
"20/6/2026","Liberada","Pago del pedido","114-0023239-6626645","Lymphatic Contour Brush For Face, Contou...","12.99","-1.3","-5.84","0","5.85"
"20/6/2026","Liberada","Pago del pedido","114-8461538-9951454","Lymphatic Contour Brush For Face, Contou...","12.99","-0.75","-6.04","0.75","6.95"
"20/6/2026","Liberada","Reembolso","114-3825721-9289060","Lymphatic Contour Brush For Face, Contou...","-12.99","1.9","1.4","-0.6","-10.29"
"20/6/2026","Liberada","Pago del pedido","114-3285790-8673008","Lymphatic Contour Brush For Face, Contou...","12.99","-1.3","-5.84","0","5.85"
"20/6/2026","Liberada","Pago del pedido","113-6384930-4835451","Lymphatic Contour Brush For Face, Contou...","12.99","0","-6.04","0","6.95"
"20/6/2026","Liberada","Pago del pedido","111-3524021-3916234","Lymphatic Contour Brush For Face, Contou...","12.99","-2.99","-6.04","2.99","6.95"
"20/6/2026","Liberada","Pago del pedido","112-9578208-9204266","Lymphatic Contour Brush For Face, Contou...","12.99","-1.3","-5.84","0","5.85"
"20/6/2026","Liberada","Pago del pedido","112-8205736-4746658","Lymphatic Contour Brush For Face, Contou...","13.99","0","-6.19","0","7.8"
"20/6/2026","Liberada","Pago del pedido","114-0286747-0276278","Lymphatic Contour Brush For Face, Contou...","12.99","-1.3","-5.84","0","5.85"
"20/6/2026","Liberada","Pago del pedido","112-8452507-6709025","Lymphatic Contour Brush For Face, Contou...","13.99","-1.4","-5.98","0","6.61"
"20/6/2026","Liberada","Pago del pedido","113-6286242-4884205","Lymphatic Contour Brush For Face, Contou...","12.99","-2.29","-5.84","0.99","5.85"
"20/6/2026","Liberada","Pago del pedido","113-4029750-5577847","Avie Lymphatic Contour Face Brush, Conto...","13.99","-2.8","-5.77","0","5.42"
"20/6/2026","Liberada","Pago del pedido","113-0579783-6008258","Lymphatic Contour Brush For Face, Contou...","25.98","-1.3","-11.88","0","12.8"
"20/6/2026","Liberada","Pago del pedido","111-3184960-3173042","Lymphatic Contour Brush For Face, Contou...","12.99","-2.05","-5.84","0.75","5.85"
"20/6/2026","Liberada","Pago del pedido","113-3102500-8161067","Lymphatic Contour Brush For Face, Contou...","12.99","-1.3","-5.84","0","5.85"
"19/6/2026","Liberada","Pago del pedido","112-3402269-3368209","Lymphatic Contour Brush For Face, Contou...","12.99","-1.3","-5.84","0","5.85"
"19/6/2026","Liberada","Tarifas de servicio","83764069-3e7f-4626-b897-c4bbaa831e6a","Tarifa de participación de los cupones","0","0","-5","0","-5"
"19/6/2026","Liberada","Tarifas de servicio","83764069-3e7f-4626-b897-c4bbaa831e6a","Tarifa basada en el rendimiento del cupó...","0","0","0","0","0"
"19/6/2026","Liberada","Pago del pedido","111-7126692-4929027","Lymphatic Contour Brush For Face, Contou...","12.99","-2.3","-5.84","1","5.85"
"19/6/2026","Liberada","Pago del pedido","114-7746437-5558616","Avie Lymphatic Contour Face Brush, Conto...","13.99","-1.4","-5.98","0","6.61"
"19/6/2026","Liberada","Pago del pedido","114-7488956-7017056","Lymphatic Contour Brush For Face, Contou...","12.99","0","-7.53","1.49","6.95"
"19/6/2026","Liberada","Pago del pedido","112-1738212-3760258","Avie Lymphatic Contour Face Brush, Conto...","13.99","0","-6.19","0","7.8"
"19/6/2026","Liberada","Pago del pedido","113-0704729-5381824","Lymphatic Contour Brush For Face, Contou...","12.99","-1.3","-5.84","0","5.85"
"19/6/2026","Liberada","Pago del pedido","111-5780938-4448231","Lymphatic Contour Brush For Face, Contou...","13.99","-1.4","-5.98","0","6.61"
"19/6/2026","Liberada","Pago del pedido","113-2490934-0794618","Avie Lymphatic Contour Face Brush, Conto...","13.99","-1.4","-5.98","0","6.61"
"18/6/2026","Liberada","Pago del pedido","111-2317073-7957828","Avie Lymphatic Contour Face Brush, Conto...","13.99","-1.4","-5.98","0","6.61"
"18/6/2026","Liberada","Pago del pedido","113-9980677-6617826","Avie Lymphatic Contour Face Brush, Conto...","13.99","-1.4","-5.98","0","6.61"
"18/6/2026","Liberada","Pago del pedido","114-1029550-4509064","Avie Lymphatic Contour Face Brush, Conto...","13.99","-2.8","-5.77","0","5.42"
"18/6/2026","Liberada","Pago del pedido","113-4713935-2032213","Avie Lymphatic Contour Face Brush, Conto...","27.98","-1.4","-12.16","0","14.42"
"18/6/2026","Liberada","Pago del pedido","111-9652411-6394630","Avie Lymphatic Contour Face Brush, Conto...","13.99","0","-6.19","0","7.8"
"18/6/2026","Liberada","Pago del pedido","113-4373254-5305809","Avie Lymphatic Contour Face Brush, Conto...","13.99","-2","-5.98","0.6","6.61"
"18/6/2026","Liberada","Pago del pedido","112-9063929-4474667","Avie Lymphatic Contour Face Brush, Conto...","13.99","-1.4","-5.98","0","6.61"
"17/6/2026","Liberada","Pago del pedido","113-8664649-8044204","Avie Lymphatic Contour Face Brush, Conto...","13.99","-2.8","-5.77","0","5.42"
"17/6/2026","Liberada","Pago del pedido","114-9243248-3634619","Avie Lymphatic Contour Face Brush, Conto...","13.99","-2.8","-5.77","0","5.42"
"17/6/2026","Liberada","Pago del pedido","114-9430848-4298651","Avie Lymphatic Contour Face Brush, Conto...","13.99","-2.8","-5.77","0","5.42"
"17/6/2026","Liberada","Pago del pedido","111-8699359-3243408","Avie Lymphatic Contour Face Brush, Conto...","13.99","-2.8","-5.77","0","5.42"
"17/6/2026","Liberada","Pago del pedido","114-7803432-2189805","Avie Lymphatic Contour Face Brush, Conto...","13.99","-1.4","-5.98","0","6.61"
"17/6/2026","Liberada","Pago del pedido","114-3365895-6859435","Avie Lymphatic Contour Face Brush, Conto...","13.99","-2.8","-5.77","0","5.42"
"17/6/2026","Liberada","Liquidaciones","111-4226997-4596251","Avie Lymphatic Contour Face Brush, Conto...","0.95","0","-0.39","0","0.56"
"17/6/2026","Liberada","Pago del pedido","113-7574696-2787410","Avie Lymphatic Contour Face Brush, Conto...","13.99","-2.8","-5.77","0","5.42"
"17/6/2026","Liberada","Pago del pedido","114-1958178-9925812","Avie Lymphatic Contour Face Brush, Conto...","13.99","0","-6.19","0","7.8"
"17/6/2026","Liberada","Pago del pedido","114-7469759-9427413","Avie Lymphatic Contour Face Brush, Conto...","13.99","-2","-5.98","0.6","6.61"
"17/6/2026","Liberada","Pago del pedido","113-7186594-9623453","Avie Lymphatic Contour Face Brush, Conto...","13.99","-0.1","-6.19","0.1","7.8"
"17/6/2026","Liberada","Pago del pedido","114-1404249-4847427","Avie Lymphatic Contour Face Brush, Conto...","13.99","-2.8","-5.77","0","5.42"
"17/6/2026","Liberada","Pago del pedido","114-6413006-9791465","Avie Lymphatic Contour Face Brush, Conto...","13.99","-1.4","-5.98","0","6.61"
"17/6/2026","Liberada","Pago del pedido","113-2083475-3747416","Avie Lymphatic Contour Face Brush, Conto...","13.99","-2.8","-5.77","0","5.42"
"17/6/2026","Liberada","Pago del pedido","111-9747614-7945023","Avie Lymphatic Contour Face Brush, Conto...","13.99","-2.8","-5.77","0","5.42"
"16/6/2026","Liberada","Pago del pedido","111-0217898-0629846","Avie Lymphatic Contour Face Brush, Conto...","13.99","0","-6.19","0","7.8"
"16/6/2026","Liberada","Pago del pedido","113-2142458-7808261","Avie Lymphatic Contour Face Brush, Conto...","13.99","-2.8","-5.77","0","5.42"
"16/6/2026","Liberada","Pago del pedido","112-8028746-7145014","Avie Lymphatic Contour Face Brush, Conto...","13.99","-2.8","-5.77","0","5.42"
"16/6/2026","Liberada","Pago del pedido","111-3955130-4869810","Avie Lymphatic Contour Face Brush, Conto...","13.99","-3.3","-5.77","0.5","5.42"
"16/6/2026","Liberada","Pago del pedido","113-5665521-9641053","Avie Lymphatic Contour Face Brush, Conto...","13.99","-2.8","-5.77","0","5.42"
"16/6/2026","Liberada","Pago del pedido","112-1179235-0977851","Avie Lymphatic Contour Face Brush, Conto...","13.99","-2.8","-5.77","0","5.42"
"16/6/2026","Liberada","Pago del pedido","111-9499939-8123466","Avie Lymphatic Contour Face Brush, Conto...","13.99","-2.8","-5.77","0","5.42"
"16/6/2026","Liberada","Pago del pedido","111-0814169-9146626","Avie Lymphatic Contour Face Brush, Conto...","13.99","0","-6.29","0.1","7.8"
"15/6/2026","Liberada","Pago del pedido","114-1475203-0086629","Avie Lymphatic Contour Face Brush, Conto...","13.99","-2.8","-5.77","0","5.42"
"15/6/2026","Liberada","Pago del pedido","113-3706437-0891464","Avie Lymphatic Contour Face Brush, Conto...","13.99","0","-6.19","0","7.8"
"15/6/2026","Liberada","Pago del pedido","113-0833972-0876206","Avie Lymphatic Contour Face Brush, Conto...","13.99","-2.8","-5.77","0","5.42"
"15/6/2026","Liberada","Pago del pedido","113-9801037-9298645","Avie Lymphatic Contour Face Brush, Conto...","13.99","-2.8","-5.77","0","5.42"
"15/6/2026","Liberada","Pago del pedido","112-8019597-8201042","Avie Lymphatic Contour Face Brush, Conto...","13.99","-2.8","-5.77","0","5.42"
"15/6/2026","Liberada","Pago del pedido","111-6855477-8794616","Avie Lymphatic Contour Face Brush, Conto...","13.99","-0.75","-6.19","0.75","7.8"
"15/6/2026","Liberada","Pago del pedido","111-2297753-6141030","Avie Lymphatic Contour Face Brush, Conto...","13.99","-2.8","-5.77","0","5.42"
"15/6/2026","Liberada","Pago del pedido","112-7863589-3465066","Avie Lymphatic Contour Face Brush, Conto...","13.99","-2.8","-8.76","2.99","5.42"
"15/6/2026","Liberada","Pago del pedido","111-9090963-0428209","Avie Lymphatic Contour Face Brush, Conto...","13.99","-3.4","-5.77","0.6","5.42"
"15/6/2026","Liberada","Pago del pedido","112-4537336-0936249","Avie Lymphatic Contour Face Brush, Conto...","13.99","-4.3","-5.77","1.5","5.42"
"14/6/2026","Liberada","Pago del pedido","114-6679170-9486654","Avie Lymphatic Contour Face Brush, Conto...","13.99","-2.8","-5.77","0","5.42"
"14/6/2026","Liberada","Pago del pedido","111-4145148-2716219","Avie Lymphatic Contour Face Brush, Conto...","55.96","0","-24.75","0","31.21"
"14/6/2026","Liberada","Pago del pedido","112-8837291-5225022","Avie Lymphatic Contour Face Brush, Conto...","13.99","-5.79","-5.77","2.99","5.42"
"14/6/2026","Liberada","Pago del pedido","113-2746606-2496210","Avie Lymphatic Contour Face Brush, Conto...","13.99","-2.8","-5.77","0","5.42"
"14/6/2026","Liberada","Pago del pedido","112-8742802-8226650","Avie Lymphatic Contour Face Brush, Conto...","13.99","-2.8","-5.77","0","5.42"
"14/6/2026","Liberada","Pago del pedido","113-6269981-8145810","Avie Lymphatic Contour Face Brush, Conto...","13.99","-2.8","-5.77","0","5.42"
"14/6/2026","Liberada","Pago del pedido","111-8918657-3985057","Avie Lymphatic Contour Face Brush, Conto...","13.99","-2.8","-5.77","0","5.42"
"14/6/2026","Liberada","Pago del pedido","114-3271076-6409003","Avie Lymphatic Contour Face Brush, Conto...","13.99","-2.8","-5.77","0","5.42"
"13/6/2026","Liberada","Pago del pedido","112-9263614-4641066","Avie Lymphatic Contour Face Brush, Conto...","13.99","-2.8","-5.77","0","5.42"
"13/6/2026","Liberada","Pago del pedido","114-2647056-6858641","Avie Lymphatic Contour Face Brush, Conto...","13.99","-2.8","-5.77","0","5.42"
"13/6/2026","Liberada","Tarifas de servicio","---","Gastos de publicidad","0","0","-500.29","0","-500.29"
"13/6/2026","Liberada","Pago del pedido","111-2192597-3153824","Avie Lymphatic Contour Face Brush, Conto...","13.99","-2.8","-5.77","0","5.42"
"13/6/2026","Liberada","Pago del pedido","111-6838976-0504233","Avie Lymphatic Contour Face Brush, Conto...","13.99","-2.8","-5.77","0","5.42"
"13/6/2026","Liberada","Pago del pedido","113-8702307-4713805","Avie Lymphatic Contour Face Brush, Conto...","13.99","-2.8","-5.85","0.08","5.42"
"13/6/2026","Liberada","Reembolso","113-9605253-2137839","Avie Lymphatic Contour Face Brush, Conto...","-13.99","2.8","1.34","0","-9.85"
"13/6/2026","Liberada","Pago del pedido","111-4853430-4741823","Avie Lymphatic Contour Face Brush, Conto...","13.99","-2.8","-5.77","0","5.42"
"13/6/2026","Liberada","Pago del pedido","114-9910052-8852250","Avie Lymphatic Contour Face Brush, Conto...","13.99","-2.8","-5.77","0","5.42"
"13/6/2026","Liberada","Pago del pedido","114-0818972-7408257","Avie Lymphatic Contour Face Brush, Conto...","13.99","0","-6.19","0","7.8"
"13/6/2026","Liberada","Pago del pedido","112-3197182-9144208","Avie Lymphatic Contour Face Brush, Conto...","13.99","-2.8","-5.77","0","5.42"
"13/6/2026","Liberada","Pago del pedido","113-9605253-2137839","Avie Lymphatic Contour Face Brush, Conto...","13.99","-2.8","-5.77","0","5.42"
"13/6/2026","Liberada","Pago del pedido","114-5256320-1621025","Avie Lymphatic Contour Face Brush, Conto...","13.99","-2.8","-5.77","0","5.42"
"12/6/2026","Liberada","Pago del pedido","111-0291788-6125855","Avie Lymphatic Contour Face Brush, Conto...","13.99","-2.8","-5.77","0","5.42"
"12/6/2026","Liberada","Pago del pedido","113-0067295-8429870","Avie Lymphatic Contour Face Brush, Conto...","13.99","-2.8","-2.85","1.17","9.51"
"12/6/2026","Liberada","Pago del pedido","114-5432128-0652210","Avie Lymphatic Contour Face Brush, Conto...","13.99","-2.8","-5.77","0","5.42"
"12/6/2026","Liberada","Tarifas de servicio","177db71d-24a1-4aeb-ac40-3be7d9bbd83a","Tarifa de participación de los cupones","0","0","-5","0","-5"
"12/6/2026","Liberada","Pago del pedido","112-0283753-1893036","Avie Lymphatic Contour Face Brush, Conto...","13.99","-2.8","-5.77","0","5.42"
"12/6/2026","Liberada","Tarifas de servicio","177db71d-24a1-4aeb-ac40-3be7d9bbd83a","Tarifa basada en el rendimiento del cupó...","0","0","0","0","0"
"12/6/2026","Liberada","Pago del pedido","112-4639812-6706611","Avie Lymphatic Contour Face Brush, Conto...","13.99","-2.8","-5.77","0","5.42"
"12/6/2026","Liberada","Pago del pedido","111-1234969-0025046","Avie Lymphatic Contour Face Brush, Conto...","13.99","-2.8","-5.77","0","5.42"
"12/6/2026","Liberada","Pago del pedido","114-9023233-2802655","Avie Lymphatic Contour Face Brush, Conto...","13.99","-1.49","-2.1","1.49","11.89"
"12/6/2026","Liberada","Pago del pedido","111-2321779-8867422","Avie Lymphatic Contour Face Brush, Conto...","13.99","-3.55","-1.98","0.75","9.21"
"12/6/2026","Liberada","Pago del pedido","112-7642765-7282622","Avie Lymphatic Contour Face Brush, Conto...","13.99","-1","-6.19","1","7.8"
"11/6/2026","Liberada","Pago del pedido","112-2650877-0349827","Avie Lymphatic Contour Face Brush, Conto...","13.99","-2.8","-1.68","0","9.51"
"11/6/2026","Liberada","Pago del pedido","113-2454817-2673068","Avie Lymphatic Contour Face Brush, Conto...","13.99","-2.8","-1.68","0","9.51"
"11/6/2026","Liberada","Pago del pedido","111-1150460-0483411","Avie Lymphatic Contour Face Brush, Conto...","13.99","-2.8","-1.68","0","9.51"
"11/6/2026","Liberada","Pago del pedido","111-0859552-4425824","Avie Lymphatic Contour Face Brush, Conto...","13.99","-2.8","-1.68","0","9.51"
"11/6/2026","Liberada","Pago del pedido","113-0580124-4844238","Avie Lymphatic Contour Face Brush, Conto...","13.99","-2.8","-1.68","0","9.51"
"11/6/2026","Liberada","Pago del pedido","113-0852042-7803405","Avie Lymphatic Contour Face Brush, Conto...","13.99","-3.55","-1.68","0.75","9.51"
"11/6/2026","Liberada","Pago del pedido","111-3361170-1736265","Avie Lymphatic Contour Face Brush, Conto...","13.99","-2.8","-1.68","0","9.51"
"11/6/2026","Liberada","Pago del pedido","112-0254022-9449864","Avie Lymphatic Contour Face Brush, Conto...","14.99","-3","-1.8","0","10.19"
"10/6/2026","Liberada","Pago del pedido","113-2115804-8851459","Avie Lymphatic Contour Face Brush, Conto...","13.99","-2.8","-1.68","0","9.51"
"10/6/2026","Liberada","Pago del pedido","111-7812925-8612216","Avie Lymphatic Contour Face Brush, Conto...","13.99","-2.8","-1.68","0","9.51"
"10/6/2026","Liberada","Pago del pedido","112-5027219-0423417","Avie Lymphatic Contour Face Brush, Conto...","13.99","-2.8","-1.68","0","9.51"
"10/6/2026","Liberada","Pago del pedido","114-6862023-9901829","Avie Lymphatic Contour Face Brush, Conto...","13.99","0","-2.1","0","11.89"
"10/6/2026","Liberada","Pago del pedido","114-6760645-9381022","Avie Lymphatic Contour Face Brush, Conto...","14.99","-3","-5.89","0","6.1"
"10/6/2026","Liberada","Pago del pedido","113-7019367-3934657","Avie Lymphatic Contour Face Brush, Conto...","13.99","-2.8","-3.17","1.49","9.51"
"10/6/2026","Liberada","Reembolso","111-0814169-9146626","Avie Lymphatic Contour Face Brush, Conto...","0","0","0.1","-0.1","0"
"10/6/2026","Liberada","Pagado a Amazon | Pago reiterado del vendedor","---","---","0","0","0","400.48","400.48"
"10/6/2026","Liberada","Pago del pedido","111-5648037-0726617","Avie Lymphatic Contour Face Brush, Conto...","13.99","-2.8","-5.77","0","5.42"
"10/6/2026","Liberada","Pago del pedido","111-8514696-3086661","Avie Lymphatic Contour Face Brush, Conto...","14.99","0","-6.71","0.37","8.65"
"10/6/2026","Liberada","Pago del pedido","113-2254057-5775439","Avie Lymphatic Contour Face Brush, Conto...","14.99","0","-6.34","0","8.65"
"10/6/2026","Liberada","Pago del pedido","114-5973309-7656247","Avie Lymphatic Contour Face Brush, Conto...","13.99","0","-2.1","0","11.89"
"9/6/2026","Liberada","Pago del pedido","113-8279641-5679461","Avie Lymphatic Contour Face Brush, Conto...","14.99","0","-6.34","0","8.65"
"9/6/2026","Liberada","Pago del pedido","114-3131704-4656253","Avie Lymphatic Contour Face Brush, Conto...","14.99","-1.5","-6.11","0","7.38"
"9/6/2026","Liberada","Pago del pedido","111-9634154-8117052","Avie Lymphatic Contour Face Brush, Conto...","14.99","-1.5","-6.11","0","7.38"
"9/6/2026","Liberada","Pago del pedido","112-0801506-1143430","Avie Lymphatic Contour Face Brush, Conto...","14.99","0","-6.34","0","8.65"
"9/6/2026","Liberada","Pago del pedido","111-5689489-7534628","Avie Lymphatic Contour Face Brush, Conto...","14.99","-3","-6.11","1.5","7.38"
"9/6/2026","Liberada","Pago del pedido","112-0912335-3069801","Avie Lymphatic Contour Face Brush, Conto...","14.99","-1.5","-6.11","0","7.38"
"9/6/2026","Liberada","Pago del pedido","111-3625796-0964218","Avie Lymphatic Contour Face Brush, Conto...","14.99","0","-6.34","0","8.65"
"8/6/2026","Liberada","Pago del pedido","113-9496299-4014618","Avie Lymphatic Contour Face Brush, Conto...","14.99","-3","-5.89","0","6.1"
"8/6/2026","Liberada","Pago del pedido","114-9464996-8855442","Avie Lymphatic Contour Face Brush, Conto...","14.99","-2.99","-6.11","1.49","7.38"
"8/6/2026","Liberada","Pago del pedido","113-7051951-5867401","Avie Lymphatic Contour Face Brush, Conto...","14.99","-1.5","-6.11","0","7.38"
"8/6/2026","Liberada","Pago del pedido","112-3670928-2344263","Avie Lymphatic Contour Face Brush, Conto...","14.99","0","-6.34","0","8.65"
"8/6/2026","Liberada","Pago del pedido","111-6007346-1701047","Avie Lymphatic Contour Face Brush, Conto...","14.99","-3","-5.89","0","6.1"
"8/6/2026","Liberada","Pago del pedido","111-4416299-6161858","Avie Lymphatic Contour Face Brush, Conto...","14.99","-1.5","-9.1","2.99","7.38"
"8/6/2026","Liberada","Pago del pedido","113-0929768-4420250","Avie Lymphatic Contour Face Brush, Conto...","14.99","0","-6.34","0","8.65"
"8/6/2026","Liberada","Pago del pedido","111-0830526-9369803","Avie Lymphatic Contour Face Brush, Conto...","14.99","-1.5","-6.11","0","7.38"
"8/6/2026","Liberada","Pago del pedido","113-7572740-4496248","Avie Lymphatic Contour Face Brush, Conto...","14.99","0","-6.34","0","8.65"
"7/6/2026","Liberada","Pago del pedido","111-9569430-5993840","Avie Lymphatic Contour Face Brush, Conto...","14.99","-3","-5.89","0","6.1"
"7/6/2026","Liberada","Pago del pedido","112-9643270-9960242","Avie Lymphatic Contour Face Brush, Conto...","14.99","0","-6.34","0","8.65"
"7/6/2026","Liberada","Tarifas de servicio","---","Tarifa de almacenamiento de Logística de Amazon","0","0","0","-131.99","-131.99"
"7/6/2026","Liberada","Pago del pedido","112-2202252-1621041","Avie Lymphatic Contour Face Brush, Conto...","14.99","-1.5","-6.11","0","7.38"
"7/6/2026","Liberada","Pago del pedido","114-0649744-0692256","Avie Lymphatic Contour Face Brush, Conto...","14.99","-1.87","-6.11","0.37","7.38"
"7/6/2026","Liberada","Pago del pedido","112-0526881-4542623","Avie Lymphatic Contour Face Brush, Conto...","13.99","-1.4","-5.98","0","6.61"
"7/6/2026","Liberada","Pago del pedido","114-2659660-3316265","Avie Lymphatic Contour Face Brush, Conto...","14.99","-1.5","-6.11","0","7.38"
"7/6/2026","Liberada","Pago del pedido","111-0286654-6077069","Avie Lymphatic Contour Face Brush, Conto...","14.99","-1.5","-6.11","0","7.38"
"7/6/2026","Liberada","Pago del pedido","112-3698938-1589823","Avie Lymphatic Contour Face Brush, Conto...","14.99","-3","-5.89","0","6.1"
"7/6/2026","Liberada","Pago del pedido","114-6577900-6755451","Avie Lymphatic Contour Face Brush, Conto...","14.99","-1.5","-6.11","0","7.38"
"6/6/2026","Liberada","Pago del pedido","112-0643442-9195430","Avie Lymphatic Contour Face Brush, Conto...","13.99","-1.4","-5.98","0","6.61"
"6/6/2026","Liberada","Pago del pedido","114-4743995-1770665","Avie Lymphatic Contour Face Brush, Conto...","13.99","0","-6.19","0","7.8"
"6/6/2026","Liberada","Pago del pedido","114-8375082-8864250","Avie Lymphatic Contour Face Brush, Conto...","13.99","-1.4","-5.98","0","6.61"
"6/6/2026","Liberada","Pago del pedido","111-9583965-3119429","Avie Lymphatic Contour Face Brush, Conto...","13.99","-1.4","-5.98","0","6.61"
"6/6/2026","Liberada","Pago del pedido","114-5900521-0239468","Avie Lymphatic Contour Face Brush, Conto...","13.99","-2.89","-5.98","1.49","6.61"
"6/6/2026","Liberada","Pago del pedido","111-0701356-3265067","Avie Lymphatic Contour Face Brush, Conto...","13.99","0","-6.19","0","7.8"
"6/6/2026","Liberada","Pago del pedido","112-3031648-1518651","Avie Lymphatic Contour Face Brush, Conto...","13.99","0","-6.19","0","7.8"
"5/6/2026","Liberada","Pago del pedido","111-0150416-2091425","Avie Lymphatic Contour Face Brush, Conto...","13.99","-1.4","-5.98","0","6.61"
"5/6/2026","Liberada","Pago del pedido","112-6981297-1074651","Avie Lymphatic Contour Face Brush, Conto...","13.99","-1.4","-5.98","0","6.61"
"5/6/2026","Liberada","Pago del pedido","114-7510659-2293053","Avie Lymphatic Contour Face Brush, Conto...","13.99","0","-6.19","0","7.8"
"5/6/2026","Liberada","Pago del pedido","111-6229248-8165044","Avie Lymphatic Contour Face Brush, Conto...","13.99","-1.4","-5.98","0","6.61"
"5/6/2026","Liberada","Pago del pedido","111-8338923-5682617","Lymphatic Contour Face Brush,Manual Lymp...","13.99","-1.4","-5.98","0","6.61"
"5/6/2026","Liberada","Pago del pedido","114-7864645-8645846","Avie Lymphatic Contour Face Brush, Conto...","13.99","0","-6.19","0","7.8"
"5/6/2026","Liberada","Pago del pedido","111-1086113-3417038","Lymphatic Contour Face Brush,Manual Lymp...","13.99","0","-6.19","0","7.8"
"5/6/2026","Liberada","Pago del pedido","112-3947403-1266640","Avie Lymphatic Contour Face Brush, Conto...","13.99","-2","-5.98","0.6","6.61"
"5/6/2026","Liberada","Pago del pedido","114-5140157-4543437","Lymphatic Contour Face Brush,Manual Lymp...","13.99","0","-6.19","0","7.8"
"5/6/2026","Liberada","Pago del pedido","111-6387830-7573058","Avie Lymphatic Contour Face Brush, Conto...","13.99","-1.4","-5.98","0","6.61"
"5/6/2026","Liberada","Reembolso","111-6442248-6372206","Avie Lymphatic Contour Face Brush, Conto...","-27.98","4.39","3.18","-2.99","-23.4"
"5/6/2026","Liberada","Pago del pedido","114-0921130-1199426","Lymphatic Contour Face Brush,Manual Lymp...","13.99","0","-7.34","1.15","7.8"
"5/6/2026","Liberada","Pago del pedido","113-7992412-3444212","Avie Lymphatic Contour Face Brush, Conto...","13.99","-1.4","-5.98","0","6.61"
"4/6/2026","Liberada","Pago del pedido","114-6455095-6492220","Lymphatic Contour Face Brush,Manual Lymp...","13.99","0","-6.19","0","7.8"
"4/6/2026","Liberada","Tarifas de servicio","---","Suscripción:","0","0","-39.99","0","-39.99"
"4/6/2026","Liberada","Pago del pedido","113-9930373-6959459","Avie Lymphatic Contour Face Brush, Conto...","13.99","0","-6.19","0","7.8"
"4/6/2026","Liberada","Pago del pedido","114-5429419-8080256","Lymphatic Contour Face Brush,Manual Lymp...","13.99","0","-6.19","0","7.8"
"4/6/2026","Liberada","Pago del pedido","113-2582827-3110664","Lymphatic Contour Face Brush,Manual Lymp...","14.99","0","-6.34","0","8.65"
"4/6/2026","Liberada","Pago del pedido","112-6439378-4679419","Lymphatic Contour Face Brush,Manual Lymp...","13.99","-1.4","-5.98","0","6.61"
"4/6/2026","Liberada","Pago del pedido","111-6442248-6372206","Avie Lymphatic Contour Face Brush, Conto...","27.98","-4.39","-12.16","2.99","14.42"
"4/6/2026","Liberada","Pago del pedido","114-8436617-5127412","Avie Lymphatic Contour Face Brush, Conto...","13.99","-1.4","-5.98","0","6.61"
"4/6/2026","Liberada","Pago del pedido","112-0179039-3524204","Lymphatic Contour Face Brush,Manual Lymp...","13.99","-1.4","-5.98","0","6.61"
"4/6/2026","Liberada","Pago del pedido","112-2698847-9122617","Lymphatic Contour Face Brush,Manual Lymp...","13.99","-2.4","-5.98","1","6.61"
"4/6/2026","Liberada","Reembolso","112-6439378-4679419","Lymphatic Contour Face Brush,Manual Lymp...","-13.99","1.4","1.51","0","-11.08"
"3/6/2026","Liberada","Pago del pedido","114-2320710-7385838","Lymphatic Contour Face Brush,Manual Lymp...","13.99","-1.9","-5.98","0.5","6.61"
"3/6/2026","Liberada","Pago del pedido","111-4984010-7417068","Lymphatic Contour Face Brush,Manual Lymp...","13.99","0","-6.19","0","7.8"
"3/6/2026","Liberada","Pago del pedido","111-5935811-2237047","Lymphatic Contour Face Brush,Manual Lymp...","13.99","-1.4","-5.98","0","6.61"
"3/6/2026","Liberada","Pago del pedido","111-7686752-5242620","Lymphatic Contour Face Brush,Manual Lymp...","14.99","-11.11","-6.34","11.11","8.65"
"3/6/2026","Liberada","Pago del pedido","113-0009719-9912232","Lymphatic Contour Face Brush,Manual Lymp...","13.99","0","-6.19","0","7.8"
"3/6/2026","Liberada","Pago del pedido","113-5887161-9722635","Lymphatic Contour Face Brush,Manual Lymp...","13.99","-1.4","-5.98","0","6.61"
"2/6/2026","Liberada","Pago del pedido","112-0161312-6055409","Lymphatic Contour Face Brush,Manual Lymp...","13.99","-1.4","-5.98","0","6.61"
"2/6/2026","Liberada","Pago del pedido","112-8641266-7838665","Lymphatic Contour Face Brush,Manual Lymp...","13.99","-1.4","-5.98","0","6.61"
"2/6/2026","Liberada","Pago del pedido","113-4019131-1508262","Lymphatic Contour Face Brush,Manual Lymp...","13.99","0","-6.19","0","7.8"
"2/6/2026","Liberada","Pago del pedido","111-5275851-4527429","Lymphatic Contour Face Brush,Manual Lymp...","13.99","-1.4","-5.98","0","6.61"
"2/6/2026","Liberada","Pago del pedido","111-4795966-6967452","Lymphatic Contour Face Brush,Manual Lymp...","13.99","0","-6.19","0","7.8"
"2/6/2026","Liberada","Pago del pedido","113-1966772-7523442","Lymphatic Contour Face Brush,Manual Lymp...","14.99","0","-6.34","0","8.65"
"2/6/2026","Liberada","Pago del pedido","113-3182767-2312218","Lymphatic Contour Face Brush,Manual Lymp...","14.99","0","-6.34","0","8.65"
"2/6/2026","Liberada","Pago del pedido","111-5122940-7290607","Lymphatic Contour Face Brush,Manual Lymp...","13.99","-1.4","-5.98","0","6.61"
"2/6/2026","Liberada","Pago del pedido","114-0288632-2193015","Lymphatic Contour Face Brush,Manual Lymp...","14.99","0","-6.34","0","8.65"
"2/6/2026","Liberada","Pago del pedido","112-3188880-3713830","Lymphatic Contour Face Brush,Manual Lymp...","13.99","0","-6.19","0","7.8"
"1/6/2026","Liberada","Pago del pedido","112-0241802-5875429","Lymphatic Contour Face Brush,Manual Lymp...","13.99","-1.4","-5.98","0","6.61"
"1/6/2026","Liberada","Pago del pedido","112-2629737-7388212","Lymphatic Contour Face Brush,Manual Lymp...","13.99","-1.4","-5.98","0","6.61"
"1/6/2026","Liberada","Pago del pedido","111-2537645-9713808","Lymphatic Contour Face Brush,Manual Lymp...","13.99","-2.15","-5.98","0.75","6.61"
"1/6/2026","Liberada","Pago del pedido","114-7686950-7053062","Lymphatic Contour Face Brush,Manual Lymp...","13.99","0","-6.19","0","7.8"
"1/6/2026","Liberada","Pago del pedido","112-2699542-8793038","Lymphatic Contour Face Brush,Manual Lymp...","13.99","0","-6.19","0","7.8"
"1/6/2026","Liberada","Pago del pedido","111-6350995-6733862","Lymphatic Contour Face Brush,Manual Lymp...","13.8","-1.38","-8.77","2.82","6.47"
"1/6/2026","Liberada","Pago del pedido","111-3266570-4752240","Lymphatic Contour Face Brush,Manual Lymp...","13.99","0","-6.19","0","7.8"
"1/6/2026","Liberada","Pago del pedido","113-9014741-2797855","Lymphatic Contour Face Brush,Manual Lymp...","13.99","-1.4","-5.98","0","6.61"
"1/6/2026","Liberada","Reembolso","114-9643391-8029034","Lymphatic Contour Face Brush,Manual Lymp...","-13.99","0","1.68","0","-12.31"
"1/6/2026","Liberada","Pago del pedido","111-1774404-7511433","Lymphatic Contour Face Brush,Manual Lymp...","13.99","-1.4","-5.98","0","6.61"
"1/6/2026","Liberada","Pago del pedido","112-9885611-8908258","Lymphatic Contour Face Brush,Manual Lymp...","14.99","0","-6.34","0","8.65"
"1/6/2026","Liberada","Pago del pedido","112-1411700-1332268","Lymphatic Contour Face Brush,Manual Lymp...","14.99","0","-6.34","0","8.65"
"31/5/2026","Liberada","Pago del pedido","114-9643391-8029034","Lymphatic Contour Face Brush,Manual Lymp...","13.99","0","-6.19","0","7.8"
"31/5/2026","Liberada","Pago del pedido","112-1728988-7928269","Lymphatic Contour Face Brush,Manual Lymp...","14.99","0","-6.34","0","8.65"
"31/5/2026","Liberada","Tarifas de servicio","1f2aeec3-56dc-4149-8ce7-5505c99a1748","Tarifa de participación de los cupones","0","0","-5","0","-5"
"31/5/2026","Liberada","Pago del pedido","112-7707600-3562658","Lymphatic Contour Face Brush,Manual Lymp...","14.99","0","-6.34","0","8.65"
"31/5/2026","Liberada","Tarifas de servicio","1f2aeec3-56dc-4149-8ce7-5505c99a1748","Tarifa basada en el rendimiento del cupó...","0","0","0","0","0"
"31/5/2026","Liberada","Pago del pedido","111-6903314-9725047","Lymphatic Contour Face Brush,Manual Lymp...","14.99","0","-6.34","0","8.65"
"31/5/2026","Liberada","Pago del pedido","113-6376920-3482666","Lymphatic Contour Face Brush,Manual Lymp...","14.99","-1.49","-6.34","1.49","8.65"
"31/5/2026","Liberada","Pago del pedido","111-9749882-0447428","Lymphatic Contour Face Brush,Manual Lymp...","14.99","0","-6.34","0","8.65"
"31/5/2026","Liberada","Pago del pedido","113-3357987-6927430","Lymphatic Contour Face Brush,Manual Lymp...","14.99","-1.5","-6.11","0","7.38"
"31/5/2026","Liberada","Pago del pedido","113-2681380-6025050","Lymphatic Contour Face Brush,Manual Lymp...","14.99","0","-6.34","0","8.65"
"31/5/2026","Liberada","Pago del pedido","114-7012178-7897005","Lymphatic Contour Face Brush,Manual Lymp...","14.99","-2.99","-6.34","2.99","8.65"
"31/5/2026","Liberada","Pago del pedido","113-9260259-1969807","Lymphatic Contour Face Brush,Manual Lymp...","13.8","-1.38","-5.95","0","6.47"
"31/5/2026","Liberada","Pago del pedido","114-4230476-9188235","Lymphatic Contour Face Brush,Manual Lymp...","14.99","-0.5","-6.34","0.5","8.65"
"30/5/2026","Liberada","Pago del pedido","111-6881928-9349826","Lymphatic Contour Face Brush,Manual Lymp...","14.99","0","-6.34","0","8.65"
"30/5/2026","Liberada","Pago del pedido","111-9987541-9000235","Lymphatic Contour Face Brush,Manual Lymp...","14.99","0","-6.34","0","8.65"
"30/5/2026","Liberada","Pago del pedido","112-9291863-3149069","Lymphatic Contour Face Brush,Manual Lymp...","14.99","-1.5","-6.11","0","7.38"
"30/5/2026","Liberada","Pago del pedido","111-6823912-0333017","Lymphatic Contour Face Brush,Manual Lymp...","14.99","-1.49","-6.34","1.49","8.65"
"30/5/2026","Liberada","Pago del pedido","113-3831753-9013043","Lymphatic Contour Face Brush,Manual Lymp...","14.99","-1.5","-6.11","0","7.38"
"30/5/2026","Liberada","Pago del pedido","112-9297081-8583408","Lymphatic Contour Face Brush,Manual Lymp...","14.99","-1.5","-6.11","0","7.38"
"30/5/2026","Liberada","Pago del pedido","112-0934520-6187422","Lymphatic Contour Face Brush,Manual Lymp...","14.99","0","-6.34","0","8.65"
"30/5/2026","Liberada","Pago del pedido","112-4024520-2326661","Lymphatic Contour Face Brush,Manual Lymp...","13.8","0","-6.16","0","7.64"
"30/5/2026","Liberada","Pago del pedido","113-6084200-2929827","Lymphatic Contour Face Brush,Manual Lymp...","14.99","0","-6.34","0","8.65"
"30/5/2026","Liberada","Pago del pedido","114-6450287-1287409","Lymphatic Contour Face Brush,Manual Lymp...","14.99","0","-6.34","0","8.65"
"30/5/2026","Liberada","Pago del pedido","113-3463044-9878662","Lymphatic Contour Face Brush,Manual Lymp...","14.99","-0.6","-6.34","0.6","8.65"
"30/5/2026","Liberada","Pago del pedido","114-6835663-8569828","Lymphatic Contour Face Brush,Manual Lymp...","14.99","-1.5","-6.11","0","7.38"
"29/5/2026","Liberada","Tarifas de servicio","FBA19979GL86","Tarifa del servicio de ubicación de envíos a Amazon de Logística de Amazon","0","0","0","-1150.56","-1150.56"
"29/5/2026","Liberada","Pago del pedido","112-6919398-8704260","Lymphatic Contour Face Brush,Manual Lymp...","14.99","-1.5","-6.11","0","7.38"
"29/5/2026","Liberada","Pago del pedido","111-7487323-6258607","Lymphatic Contour Face Brush,Manual Lymp...","14.99","-1.5","-6.11","0","7.38"
"29/5/2026","Liberada","Pago del pedido","113-7554027-2344223","Lymphatic Contour Face Brush,Manual Lymp...","14.99","-1.5","-6.11","0","7.38"
"29/5/2026","Liberada","Pago del pedido","111-1802328-3294662","Lymphatic Contour Face Brush,Manual Lymp...","14.99","-1.5","-6.11","0","7.38"
"29/5/2026","Liberada","Pago del pedido","111-0367385-8684249","Lymphatic Contour Face Brush,Manual Lymp...","14.99","-11.11","-6.34","11.11","8.65"
"29/5/2026","Liberada","Pago del pedido","114-0208538-3533009","Lymphatic Contour Face Brush,Manual Lymp...","14.99","-1.5","-6.11","0","7.38"
"29/5/2026","Liberada","Pago del pedido","112-4318980-2621838","Lymphatic Contour Face Brush,Manual Lymp...","14.99","-1","-6.34","1","8.65"
"29/5/2026","Liberada","Pago del pedido","112-0934716-5372264","Lymphatic Contour Face Brush,Manual Lymp...","14.99","-0.75","-6.34","0.75","8.65"
"29/5/2026","Liberada","Pago del pedido","113-3330037-5759453","Lymphatic Contour Face Brush,Manual Lymp...","14.99","-1.5","-6.11","0","7.38"
"29/5/2026","Liberada","Pago del pedido","111-2369211-7605051","Lymphatic Contour Face Brush,Manual Lymp...","14.99","-2","-6.11","0.5","7.38"
"29/5/2026","Liberada","Pago del pedido","112-4488158-8265844","Lymphatic Contour Face Brush,Manual Lymp...","14.99","-2.99","-6.34","2.99","8.65"
"29/5/2026","Liberada","Pago del pedido","114-8007062-6591453","Lymphatic Contour Face Brush,Manual Lymp...","14.99","0","-6.34","0","8.65"
"28/5/2026","Liberada","Pago del pedido","112-0227425-6746639","Lymphatic Contour Face Brush,Manual Lymp...","14.99","-2.5","-6.11","1","7.38"
"28/5/2026","Liberada","Pago del pedido","111-6391503-4300265","Lymphatic Contour Face Brush,Manual Lymp...","13.8","-1.38","-5.95","0","6.47"
"28/5/2026","Liberada","Pago del pedido","113-5657963-8010616","Lymphatic Contour Face Brush,Manual Lymp...","14.99","0","-6.34","0","8.65"
"28/5/2026","Liberada","Pago del pedido","112-5218563-8533842","Lymphatic Contour Face Brush,Manual Lymp...","14.99","-1.5","-6.11","0","7.38"
"28/5/2026","Liberada","Pago del pedido","111-4156146-8957823","Lymphatic Contour Face Brush,Manual Lymp...","14.99","0","-6.34","0","8.65"
"28/5/2026","Liberada","Pago del pedido","112-9070322-2178656","Lymphatic Contour Face Brush,Manual Lymp...","13.8","0","-6.16","0","7.64"
"28/5/2026","Liberada","Pago del pedido","112-3509516-6993821","Lymphatic Contour Face Brush,Manual Lymp...","13.8","-1.38","-5.95","0","6.47"
"27/5/2026","Liberada","Pago del pedido","111-1824885-7032204","Lymphatic Contour Face Brush,Manual Lymp...","13.8","-2.66","-5.95","1.28","6.47"
"27/5/2026","Liberada","Pago del pedido","112-2189386-8852236","Lymphatic Contour Face Brush,Manual Lymp...","13.8","-2.38","-5.95","1","6.47"
"27/5/2026","Liberada","Pago del pedido","112-8966786-8855462","Lymphatic Contour Face Brush,Manual Lymp...","13.8","0","-6.16","0","7.64"
"27/5/2026","Liberada","Pago del pedido","113-3954784-3186645","Lymphatic Contour Face Brush,Manual Lymp...","13.8","-2.38","-5.95","1","6.47"
"26/5/2026","Liberada","Pago del pedido","114-2765939-7437853","Lymphatic Contour Face Brush,Manual Lymp...","13.8","-1.38","-5.95","0","6.47"
"26/5/2026","Liberada","Pago del pedido","113-2873727-9107426","Lymphatic Contour Face Brush,Manual Lymp...","13.8","-1.38","-5.95","0","6.47"
"26/5/2026","Liberada","Pago del pedido","114-8133170-2549048","Lymphatic Contour Face Brush,Manual Lymp...","13.8","-1.38","-5.95","0","6.47"
"26/5/2026","Liberada","Pago del pedido","111-2277314-6565032","Lymphatic Contour Face Brush,Manual Lymp...","13.8","-1.38","-5.95","0","6.47"
"26/5/2026","Liberada","Pago del pedido","112-4761893-4203430","Lymphatic Contour Face Brush,Manual Lymp...","13.8","-1.38","-5.95","0","6.47"
"26/5/2026","Liberada","Pago del pedido","112-9104115-5250624","Lymphatic Contour Face Brush,Manual Lymp...","13.8","0","-6.16","0","7.64"
"26/5/2026","Liberada","Pago del pedido","112-7805046-0498630","Lymphatic Contour Face Brush,Manual Lymp...","13.8","0","-6.16","0","7.64"
"26/5/2026","Liberada","Pago del pedido","112-8270087-1669811","Lymphatic Contour Face Brush,Manual Lymp...","13.8","-1.38","-5.95","0","6.47"
"26/5/2026","Liberada","Pago del pedido","113-2635287-4823454","Lymphatic Contour Face Brush,Manual Lymp...","13.8","-1.38","-5.95","0","6.47"
"26/5/2026","Liberada","Pago del pedido","112-3194066-4912230","Lymphatic Contour Face Brush,Manual Lymp...","13.8","-1.38","-5.95","0","6.47"
"26/5/2026","Liberada","Pago del pedido","112-8404321-7072245","Lymphatic Contour Face Brush,Manual Lymp...","27.6","-2.11","-12.32","2.11","15.28"
"26/5/2026","Liberada","Pago del pedido","114-7390652-3585831","Lymphatic Contour Face Brush,Manual Lymp...","13.8","0","-6.16","0","7.64"
"26/5/2026","Liberada","Pago del pedido","113-8552482-2639467","Lymphatic Contour Face Brush,Manual Lymp...","13.8","0","-6.16","0","7.64"
"26/5/2026","Liberada","Pago del pedido","113-6936482-3650662","Lymphatic Contour Face Brush,Manual Lymp...","13.8","-1.38","-5.95","0","6.47"
"26/5/2026","Liberada","Pago del pedido","112-0149553-6380215","Lymphatic Contour Face Brush,Manual Lymp...","13.8","-1.38","-5.95","0","6.47"
"25/5/2026","Liberada","Pago del pedido","114-3011020-9457850","Lymphatic Contour Face Brush,Manual Lymp...","13.8","0","-6.16","0","7.64"
"25/5/2026","Liberada","Pago del pedido","112-1091526-9683418","Lymphatic Contour Face Brush,Manual Lymp...","13.8","-1.38","-5.95","0","6.47"
"25/5/2026","Liberada","Pago del pedido","113-5850199-9720212","Lymphatic Contour Face Brush,Manual Lymp...","13.8","0","-6.16","0","7.64"
"25/5/2026","Liberada","Pago del pedido","112-6126029-8157823","Lymphatic Contour Face Brush,Manual Lymp...","13.8","-1.38","-5.95","0","6.47"
"25/5/2026","Liberada","Pago del pedido","113-2426066-7045020","Lymphatic Contour Face Brush,Manual Lymp...","13.8","-1.38","-5.95","0","6.47"
"25/5/2026","Liberada","Pago del pedido","112-6310277-0615418","Lymphatic Contour Face Brush,Manual Lymp...","13.8","-1.38","-5.95","0","6.47"
"25/5/2026","Liberada","Pago del pedido","113-6305543-5225013","Lymphatic Contour Face Brush,Manual Lymp...","13.8","-1.38","-8.94","2.99","6.47"
"25/5/2026","Liberada","Pago del pedido","111-4910682-6484251","Lymphatic Contour Face Brush,Manual Lymp...","13.8","-1.38","-5.95","0","6.47"