"ASIN","Palabra clave","Etiquetas","Ventas de palabras clave","Volumen de búsqueda","RCP","Productos de la competencia","Rango orgánico","Posición patrocinada","Departamentos","Mercado","Oferta sugerida de H10 PPC","Sugerencia de oferta mínima de H10 PPC","Sugerencia de oferta máxima de H10 PPC"
"B0GT75CR86","contour glow brush",,43,233,8,">3,000",63,6,"Face Makeup Brushes | Contour Brushes","www.amazon.com",1.07,0.72,1.58
"B0GT75CR86","peelbrush",,1,513,8,">10,000",">306",">96",,"www.amazon.com",1.02,0.64,1.14
"B0GT75CR86","glo brush lymphatic",,"-",47,8,390,130,">96","Contour Brushes","www.amazon.com",1.37,0.98,1.53
"B0GT75CR86","humorousk contour face brush",,"-",92,8,112,">306",">96","Face Makeup Brushes & Tools | Contour Brushes","www.amazon.com","-","-","-"
"B0GT75CR86","nayori glo brush",,"-",238,8,24,">306",">96","Beauty & Personal Care | Foundation Brushes","www.amazon.com",1.04,0.67,1.23
"B0GT75CR86","recuvia lymphatic contour face brush - deflate define",,"-","-",8,337,151,">96",,"www.amazon.com","-","-","-"
"B0GT75CR86","nuvetra contour glow brush",,7,319,8,">5,000",30,">96","Face Makeup Brushes | Contour Brushes","www.amazon.com",1.36,1.02,1.64
"B0GT75CR86","glowche brush",,"-",287,"N/A",39,10,">96","Beauty & Personal Care | Hair Brushes","www.amazon.com","-","-","-"
"B0GT75CR86","gettoreach lymphatic brush",,"-",128,8,336,134,">96",,"www.amazon.com",1.23,0.93,1.71
"B0GT75CR86","sooth silk contour brush",,"-",138,8,196,">306",">96",,"www.amazon.com",1.23,0.87,1.34
"B0GT75CR86","kojeva lymphatic brush face",,"-",195,8,515,71,">96","Face Makeup Brushes | Contour Brushes","www.amazon.com",1.3,0.97,1.69
"B0GT75CR86","smoothsilk lymphatic brush",,"-",20,8,285,102,">96",,"www.amazon.com",1.33,1.07,1.76
"B0GT75CR86","recuva lymphatic brush",,6,98,8,335,134,">96","Face Makeup Brushes","www.amazon.com",1.16,1.0,1.53
"B0GT75CR86","lymphatic contour face brush k glow",,"-",207,8,428,62,">96",,"www.amazon.com","-","-","-"
"B0GT75CR86","orynel globrush lymphatic",,"-",181,8,298,142,">96","Beauty & Personal Care | Bath & Body Brushes","www.amazon.com","-","-","-"
"B0GT75CR86","sefvako lymphatic contour face brush",,20,334,8,406,">306",">96",,"www.amazon.com","-","-","-"
"B0GT75CR86","lymphatic drainage brush soft",,"-",342,8,">1,000",60,">96",,"www.amazon.com","-","-","-"
"B0GT75CR86","nuvetta contour glow brush",,"-",224,8,194,">306",">96","Beauty Tools & Accessories | Contour Brushes","www.amazon.com","-","-","-"
"B0GT75CR86","soothsilk contour brush",,"-",68,8,153,">306",">96",,"www.amazon.com",1.15,0.82,1.51
"B0GT75CR86","soft bristle lymphatic brush",,"-",99,8,">2,000",295,">96",,"www.amazon.com","-","-","-"
"B0GT75CR86","floriem lymphatic brush",,"-",287,8,322,118,">96","Face Makeup Brushes | Contour Brushes","www.amazon.com",1.32,0.99,1.76
"B0GT75CR86","pharmacy skin brush",,"-",169,8,205,">306",">96",,"www.amazon.com","-","-","-"
"B0GT75CR86","conture face brush lymphatic",,"-",43,8,569,142,">96",,"www.amazon.com",1.29,0.99,1.56
"B0GT75CR86","eteros lymphatic brush",,"-",135,8,475,108,">96",,"www.amazon.com","-","-","-"
"B0GT75CR86","koniva face brush",,"-",113,8,201,75,">96",,"www.amazon.com","-","-","-"
"B0GT75CR86","contour glow",,"-",201,8,">7,000",">306",">96",,"www.amazon.com","-","-","-"
"B0GT75CR86","soft bristle lymphatic contour brush",,7,118,8,505,">306",">96",,"www.amazon.com","-","-","-"
"B0GT75CR86","lift and glow lymphatic brush",,"-",19,8,398,">306",">96",,"www.amazon.com","-","-","-"
"B0GT75CR86","auslina lymphatic brush",,"-",47,8,306,182,">96",,"www.amazon.com",1.35,1.14,1.66
"B0GT75CR86","cecily braden lymphatic face brush",,7,305,8,393,81,">96",,"www.amazon.com",1.31,0.93,1.54
"B0GT75CR86","alvora lymphatic brush",,13,162,8,310,">306",">96","Facial Cleansing Brushes | Manual Facial Cleansing Brushes","www.amazon.com",1.21,1.08,1.6
"B0GT75CR86","korean lymphatic brush",,"-",210,8,440,24,">96",,"www.amazon.com","-","-","-"
"B0GT75CR86","soft bristle face brush",,8,607,9,">6,000",100,">96",,"www.amazon.com",0.96,0.7,1.38
"B0GT75CR86","nayori lymphatic brush",,"-",314,8,416,114,">96","Face Makeup Brushes | Contour Brushes","www.amazon.com",1.19,1.04,1.78
"B0GT75CR86","kojeva lymphatic brush",,4,275,8,292,134,">96","Face Makeup Brushes | Contour Brushes","www.amazon.com",1.23,0.96,1.83
"B0GT75CR86","puur house lymphatic brush",,"-",138,8,265,">306",">96",,"www.amazon.com","-","-","-"
"B0GT75CR86","kojiva lymphatic brush",,"-",181,8,323,124,">96",,"www.amazon.com",1.08,0.84,1.43
"B0GT75CR86","skin brushes for body lymphatic",,12,194,8,">8,000",">306",">96",,"www.amazon.com",1.31,1.02,1.42
"B0GT75CR86","soothsilk lymphatic brush",,"-",38,8,292,273,">96",,"www.amazon.com","-","-","-"
"B0GT75CR86","akei lymphatic brush",,"-",43,8,320,74,">96",,"www.amazon.com",1.51,1.04,1.52
"B0GT75CR86","eteross lymphatic brush",,9,50,8,">4,000",273,">96","Face Makeup Brushes | Contour Brushes","www.amazon.com",1.26,1.09,1.62
"B0GT75CR86","non toxic lymphatic face brush",,"-",100,8,472,122,">96",,"www.amazon.com","-","-","-"
"B0GT75CR86","viral lymphatic face brush",,4,430,8,639,">306",">96",,"www.amazon.com",1.32,1.05,1.72
"B0GT75CR86","vodo face brush",,"-",208,8,130,">306",">96",,"www.amazon.com",1.14,1.05,1.36
"B0GT75CR86","soft lymphatic drainage face brush",,"-",347,8,803,157,">96",,"www.amazon.com","-","-","-"
"B0GT75CR86","conture glow brush",,16,275,8,292,">306",">96","Contour Brushes","www.amazon.com",1.4,0.89,1.46
"B0GT75CR86","glow brush for face",,13,86,8,">6,000",35,">96","Face Makeup Brushes | Contour Brushes","www.amazon.com",1.23,0.92,1.43
"B0GT75CR86","civilized contour face brush",,"-",148,8,313,">306",">96",,"www.amazon.com",1.07,0.76,1.31
"B0GT75CR86","soothe silk lymphatic brush",,18,151,8,218,123,">96","Face Makeup Brushes | Contour Brushes","www.amazon.com",1.3,0.91,1.54
"B0GT75CR86","aeki lymphatic drainage brush",,"-",39,8,439,176,">96",,"www.amazon.com","-","-","-"
"B0GT75CR86","nayori glow brush",,11,166,8,70,">306",">96","Face Makeup Brushes | Contour Brushes","www.amazon.com",1.32,1.07,1.65
"B0GT75CR86","kokeva lymphatic face brush",,5,162,8,437,166,">96","Face Makeup Brushes | Contour Brushes","www.amazon.com",1.73,1.2,1.86
"B0GT75CR86","fluffy facial brushes",,17,803,15,">545",">306",">96",,"www.amazon.com",0.78,0.77,0.87
"B0GT75CR86","nayori face brush",,"-",42,8,179,">306",">96",,"www.amazon.com","-","-","-"
"B0GT75CR86","face massager brush",,5,60,8,">1,000",59,11,,"www.amazon.com","-","-","-"
"B0GT75CR86","the lymphatic brush",,7,71,8,">1,000",">306",">96",,"www.amazon.com",1.36,0.97,1.39
"B0GT75CR86","auslina glow brush",,"-",289,8,33,">306",">96","Beauty & Personal Care | Foundation Brushes","www.amazon.com",1.07,1.0,1.42
"B0GT75CR86","vough lymphatic contour face brush",,"-",233,8,502,155,">96",,"www.amazon.com","-","-","-"
"B0GT75CR86","nuverta lymphatic brush",,10,125,8,333,152,">96","Skin Care Tools | Manual Facial Cleansing Brushes","www.amazon.com",1.58,1.11,1.63
"B0GT75CR86","soft lymphatic brush",,"-",173,8,">2,000",203,">96","Face Makeup Brushes | Contour Brushes","www.amazon.com",1.09,0.78,1.28
"B0GT75CR86","lymph lift usa brush",,"-",73,8,244,">306",">96",,"www.amazon.com","-","-","-"
"B0GT75CR86","soft lymphatic facial brush",,"-",0,8,">1,000",167,">96",,"www.amazon.com",1.14,0.94,1.34
"B0GT75CR86","lymphatic contour face brush soft bristles",,9,271,8,691,76,">96","Face Makeup Brushes | Contour Brushes","www.amazon.com",1.37,1.0,1.76
"B0GT75CR86","kojivashop face brush",,"-",154,8,183,">306",">96",,"www.amazon.com","-","-","-"
"B0GT75CR86","peel brush",,12,1914,11,">10,000",">306",">96",,"www.amazon.com",0.96,0.66,1.16
"B0GT75CR86","soft bristle lymphatic face brush",,6,68,8,">1,000",203,">96","Contour Brushes","www.amazon.com","-","-","-"
"B0GT75CR86","glow brush lymphatic",,"-",135,8,968,23,9,,"www.amazon.com","-","-","-"
"B0GT75CR86","soothesilk facial brush",,"-",67,8,300,86,">96",,"www.amazon.com","-","-","-"
"B0GT75CR86","lymphatic beauty brush",,"-",115,8,">2,000",151,">96",,"www.amazon.com","-","-","-"
"B0GT75CR86","ultra soft brush depuff",,"-",25,8,222,93,">96",,"www.amazon.com","-","-","-"
"B0GT75CR86","kojiba facial brush",,"-",282,8,293,112,">96",,"www.amazon.com","-","-","-"
"B0GT75CR86","face mask brush applicator",,47,1276,17,">1,000",">306",">96",,"www.amazon.com",0.74,0.62,1.02
"B0GT75CR86","vido lymphatic drainage brush",,"-",425,8,428,153,">96",,"www.amazon.com","-","-","-"
"B0GT75CR86","cepillo viral de tiktok",,"-",88,8,0,">306",">96",,"www.amazon.com","-","-","-"
"B0GT75CR86","face drainage brush",,13,478,8,">1,000",60,">96","Face Makeup Brushes | Contour Brushes","www.amazon.com",1.23,0.95,1.52
"B0GT75CR86","counter glow face brush",,10,54,8,260,44,">96","Face Makeup Brushes & Tools | Contour Brushes","www.amazon.com",1.32,0.97,1.7
"B0GT75CR86","lymph brush for face and neck",,30,634,10,525,89,">96",,"www.amazon.com",1.33,1.11,1.83
"B0GT75CR86","lift glow lymphatic brush",,"-","-",8,361,101,">96",,"www.amazon.com","-","-","-"
"B0GT75CR86","contour face brush for lymphatic drainage",,12,565,11,582,75,">96",,"www.amazon.com",1.24,1.0,1.57
"B0GT75CR86","soft lymphatic brush face",,"-",24,8,">1,000",147,">96",,"www.amazon.com",1.44,1.02,1.71
"B0GT75CR86","lymphatic brush cecily braden",,"-",350,8,176,121,">96",,"www.amazon.com","-","-","-"
"B0GT75CR86","lymphatic contour face brush wooden handle",,"-",58,8,431,224,">96","Face Makeup Brushes | Contour Brushes","www.amazon.com","-","-","-"
"B0GT75CR86","contourglow brush",,9,317,8,764,">306",">96","Face Makeup Brushes | Contour Brushes","www.amazon.com",1.36,1.02,1.58
"B0GT75CR86","nubetra contour glow brush",,14,87,8,169,">306",">96","Face Makeup Brushes | Contour Brushes","www.amazon.com",1.15,0.92,1.54
"B0GT75CR86","￼contour glow brush",,"-",402,8,">3,000",73,12,"Face Makeup Brushes | Foundation Brushes","www.amazon.com","-","-","-"
"B0GT75CR86","vddo face brush",,5,118,8,">5,000",294,">96","Face Makeup Brushes | Contour Brushes","www.amazon.com",1.14,1.06,1.6
"B0GT75CR86","facial massage brushes puffiness",,"-",71,8,680,181,">96",,"www.amazon.com","-","-","-"
"B0GT75CR86","counterglow face brush",,8,58,8,182,50,">96","Beauty & Personal Care | Contour Brushes","www.amazon.com","-","-","-"
"B0GT75CR86","teriyaki face brush",,11,305,8,133,">306",">96",,"www.amazon.com",1.29,0.9,1.57
"B0GT75CR86","kovija face brush",,"-",245,8,80,">306",">96",,"www.amazon.com","-","-","-"
"B0GT75CR86","contour glow brush for face",,19,261,8,">2,000",73,">96","Face Makeup Brushes | Contour Brushes","www.amazon.com",1.41,1.05,1.48
"B0GT75CR86","contour lymphatic brush",,"-",0,8,">1,000",118,">96",,"www.amazon.com","-","-","-"
"B0GT75CR86","contour brush lymphatic",,"-",21,8,999,117,">96",,"www.amazon.com","-","-","-"
"B0GT75CR86","face depuffer brush",,"-",298,8,429,127,">96",,"www.amazon.com",1.46,1.13,1.74
"B0GT75CR86","recuvia lymphatic contour face brush eliminate",,"-",46,8,426,140,">96","Face Makeup Brushes | Contour Brushes","www.amazon.com",1.42,1.1,1.82
"B0GT75CR86","vogue lymphatic face brush",,"-",139,8,657,140,">96",,"www.amazon.com","-","-","-"
"B0GT75CR86","lymphatic dry brush for face",,14,522,9,">706",100,">96",,"www.amazon.com",1.2,1.16,1.66
"B0GT75CR86","soft facial brush for lymphatic drainage",,"-",24,8,707,195,">96","Contour Brushes","www.amazon.com","-","-","-"
"B0GT75CR86","globrush for face",,"-",26,8,115,82,">96","Face Makeup Brushes | Contour Brushes","www.amazon.com",1.1,0.72,1.37
"B0GT75CR86","soft face brush lymphatic",,"-",187,8,">1,000",201,">96",,"www.amazon.com","-","-","-"
"B0GT75CR86","lymphatic face brush aeki",,"-",85,8,390,161,">96",,"www.amazon.com","-","-","-"
"B0GT75CR86","lymphatic contour face brush",,1166,55044,44,">681",141,">96",,"www.amazon.com",1.14,0.79,1.4
"B0GT75CR86","lymphatic face brush",,658,14529,41,">980",131,">96",,"www.amazon.com",1.23,0.93,1.69
"B0GT75CR86","contour brush",,440,14544,33,">10,000",">306",">96",,"www.amazon.com",1.05,0.69,1.19
"B0GT75CR86","lymphatic drainage brush",,599,14363,39,">1,000",118,">96","Contour Brushes","www.amazon.com",1.32,0.91,1.58
"B0GT75CR86","face brush for lymphatic drainage",,291,5849,29,">871",45,">96",,"www.amazon.com",1.28,0.96,1.6
"B0GT75CR86","kojeva lymphatic face brush",,376,10269,37,453,137,">96","Facial Cleansing Brushes | Manual Facial Cleansing Brushes","www.amazon.com",1.28,0.99,1.76
"B0GT75CR86","gua sha brush",,188,4843,25,538,33,">96",,"www.amazon.com","-","-","-"
"B0GT75CR86","lymphatic brush",,236,5852,29,">1,000",111,">96","Contour Brushes","www.amazon.com",1.26,0.89,1.58
"B0GT75CR86","face sculpting brush",,107,2476,26,">2,000",141,">96","Face Makeup Brushes | Contour Brushes","www.amazon.com",1.37,0.97,1.64
"B0GT75CR86","face mask brush",,141,3413,23,">3,000",">306",">96",,"www.amazon.com",0.88,0.68,1.22
"B0GT75CR86","lymphatic brush for face",,130,3254,26,">962",142,">96",,"www.amazon.com",1.22,0.84,1.49
"B0GT75CR86","facial brush for lymphatic drainage",,66,1805,24,">670",111,">96",,"www.amazon.com",1.2,0.91,1.62
"B0GT75CR86","face lymphatic drainage brush",,52,2476,24,">845",85,">96",,"www.amazon.com",1.27,0.93,1.43
"B0GT75CR86","dry brush for face",,80,2581,25,">10,000",114,">96","Face Makeup Brushes | Contour Brushes","www.amazon.com",1.23,0.9,1.51
"B0GT75CR86","guasha brush for face",,92,2151,23,">780",84,23,"Contour Brushes","www.amazon.com",1.26,1.06,1.7
"B0GT75CR86","face sculpting brush lymphatic",,16,600,10,715,151,">96",,"www.amazon.com",1.34,1.05,1.67
"B0GT75CR86","guasha brush",,45,1276,22,">850",92,20,,"www.amazon.com",1.44,1.14,1.68
"B0GT75CR86","contour glow face brush",,40,244,8,">2,000",60,9,"Face Makeup Brushes | Contour Brushes","www.amazon.com",1.12,0.75,1.56
"B0GT75CR86","face dry brush",,53,1636,24,">10,000",112,">96","Face Makeup Brushes | Contour Brushes","www.amazon.com",1.22,0.95,1.55
"B0GT75CR86","lymphatic drainage face brush",,108,2474,24,">867",82,">96",,"www.amazon.com",1.29,0.95,1.48
"B0GT75CR86","face lymphatic drainage",,23,801,12,">3,000",222,">96",,"www.amazon.com",1.46,1.06,1.94
"B0GT75CR86","lymphatic drainage face",,15,667,10,">2,000",">306",">96",,"www.amazon.com",1.63,1.18,1.93
"B0GT75CR86","face contour",,18,1000,12,">20,000",">306",">96","Beauty & Personal Care | Face Highlighters & Luminizers","www.amazon.com",1.28,0.88,1.82
"B0GT75CR86","face cleaner brush",,23,682,10,">3,000",">306",">96",,"www.amazon.com",1.39,0.95,1.73
"B0GT75CR86","lymphatic facial brush",,11,803,11,">987",130,">96",,"www.amazon.com",1.32,1.03,1.66