nombre,tipo,ciudad,estado_us,web,email,fuente_email,locales,notas
Smoke Token Smoke Shop,smoke shop,Nashville,TN,smoketokenreviewsnashville.com,smoketokenshop@gmail.com,web propia,1,
Planet 615 Smoke Shop,smoke shop,Nashville,TN,planet615smokeshop.com,planet615smokeshop@gmail.com,web propia,1,
Pressure Smoke & Vape,smoke/vape shop,Nashville,TN,pressurenashville.com,operations@pressurenashville.com,web propia,2,
Smoke & Vape 4 Less,smoke/vape shop,Nashville,TN,smokeandvape4less.com,smokeandvapeforless@gmail.com,web propia,1,
Elevated Smoke and Vape,smoke/vape shop,Nashville,TN,elevated615.com,elevated615@gmail.com,web propia,1+,
Smoke Depot of Nashville,smoke shop,Nashville,TN,,nashvillesmokedepot@gmail.com,directorio,1,
Uptown's Smoke Shop,smoke shop,Nashville,TN,uptowns.com,info@uptowns.com,directorio (viejo),1,
Choice Smoke Shop,smoke shop,Knoxville,TN,choicesmokeshops.com,choicesmokeshop1@gmail.com,web propia,1,
Buzzin Smoke Shop,smoke shop,Memphis,TN,,buzzinsmokeshop@gmail.com,web propia,1,
Cloud9 Smoke Shop Memphis,smoke shop,Memphis,TN,cloud9shop.net,cam@cloud9shop.net,facebook,1,no es la cadena de GA
One Love / High Life Smoke,cadena smoke shops,Charlotte,NC,highlifesmoke.com,onelove@highlifesmoke.com,web propia,6-10,cadena NC/SC; mails por local: greenville@ wilmington@ asheville@highlifesmoke.com
Vapor Smoke Shop,cadena smoke shops,Charlotte,NC,vaporsmokeshop.com,info@vaporsmokeshop.com,web propia,varios,
Smoke Rings Raleigh,smoke shop,Raleigh,NC,,smokeringsraleigh@gmail.com,facebook,1,
Kitsch Smoke Shop,head shop,Raleigh,NC,,kitsch919@gmail.com,directorio (viejo),1,
Six Forks Tobacco,smoke shop,Raleigh,NC,,sixforkstobacco7400@gmail.com,directorio,1,
Maxx Tobacco & Vapor,smoke/vape shop,Raleigh,NC,maxxtobaccovapor.com,mlek@maxxtobaccovapor.com,web propia,1,también ammar@
The Plug Smoke Shop,cadena smoke shops,Asheville,NC,theplugsmokeshops.com,plugsmokeshopavl@gmail.com,web propia,varios,
Blue Dreams Smoke Shop,smoke shop,Asheville,NC,bluedreams-smokeshop.com,bluedreamstobacco@gmail.com,web propia,1-2,
Smoke Rings Asheville,smoke shop,Asheville,NC,,smokeringsash@gmail.com,directorio,1,
Instant Karma Asheville,head shop,Asheville,NC,instantkarmaasheville.com,contact@instantkarmaasheville.com,directorio,1,
Octopus Garden Smoke Shop,head shop,Asheville,NC,octopusgardensmokeshops.com,info.octopusgarden@gmail.com,directorio,2+,desde 1993
777 Smoke Shop,smoke shop,Wilmington,NC,,777smokeshopnc@gmail.com,facebook,1,
Charleston Head Shop,head shop,Charleston,SC,charlestonheadshop.com,headshop@bellsouth.net,directorio (viejo),1,
The Smoking Lamp,head shop,Charleston,SC,smokinglamp.com,smokinglamp@charleston.com,directorio (viejo),1,puede estar desactualizado
Charleston Kratom Vape & CBD,vape shop,Summerville,SC,charlestonkratomcbd.com,540cbdkratom@gmail.com,web propia,1,
Illuminati Smoke Shop,smoke shop,Columbia,SC,illuminatisc.com,illuminatismokeshop@gmail.com,web propia,2,
The Bizarre Bazaar,head shop,Columbia,SC,,bizarrebazaarlimited@gmail.com,facebook,1,
AJ Tobacco and Vapes,smoke/vape shop,Columbia,SC,ajtobaccoandvapes.com,alisaleemgz@gmail.com,web propia,1,
Savannah Smoke and Beverage,smoke shop,Savannah,GA,,savannahsmokeandbeverage@gmail.com,directorio,1,
Smoke City Savannah,smoke shop,Savannah,GA,,smokecitygeorgia@gmail.com,directorio,1-2,
The Exotic Smoker,smoke/vape shop,Augusta,GA,theexoticsmoker.com,info@theexoticsmoker.com,web propia,1,
Augusta Smoke Shop,smoke shop,Martinez,GA,,mac092088@aol.com,facebook,1,
Cloud 5 Smoke Shop,smoke/vape shop,Huntsville,AL,cloud5smoke.com,muadamar024@gmail.com,web propia,1,
Gallery Smoke,head shop,Birmingham,AL,gallerysmoke.com,orders@gallerysmoke.com,directorio,?,
Vapors Smoke Shop,cadena smoke shops,Tuscaloosa,AL,vsmokeshop.com,vaporstuscaloosa@gmail.com,web propia,2-3,Mobile: vaporssmokeshop13@gmail.com
SMOKE EZ Tuscaloosa,smoke/vape shop,Tuscaloosa,AL,,smoke.ez.tuscaloosa1@gmail.com,facebook,1,
Up N Smoke Mobile,smoke shop,Mobile,AL,,malekwholesale@yahoo.com,directorio,1,posible mail mayorista del dueño
Jackson Tobacco & Vape,smoke/vape shop,Jackson,MS,,jacksontobaccoandvape@gmail.com,facebook,1,
Vapor Smoke Shop Hattiesburg,smoke/vape shop,Hattiesburg,MS,hburgsmokeshop.com,akramalhamidi20@gmail.com,web propia,1,
Smoke Shop MS,smoke shop,Hattiesburg,MS,smokeshop.ms,info@smokeshop.ms,web propia,1-2,
Simply Tobacco Club,smoke shop,Gulfport,MS,simplytobaccoclub.com,info@simplytobaccoclub.com,web propia,?,
LIT Clouds Smoke Shop,smoke/vape shop,Lafayette,LA,,litcloud.la@gmail.com,facebook,1,
King Vaperz,smoke/vape shop,Shreveport,LA,kingvaperzofficial.com,freedom4all524@gmail.com,web propia,1,
318 Cloudz Smoke & Vape,cadena smoke shops,Shreveport,LA,318cloudz.com,youree.318cloudz@gmail.com,directorio,2-3,alternativa solo@318cloudz.com
Pipes Emporium,smoke shop,Shreveport,LA,pipesemporium.com,dylanspipesemporium@gmail.com,web propia,1,
