prioridad,nombre,tipo,ubicacion,por_que_encaja,canal_contacto,fuente,estado,ultimo_contacto,proximo_paso
A,Discount Vape Pen,tienda online (retail),EE.UU.,"Tiene colección ""novelty 510 batteries"" con estilo Character/Kawaii: TerpTech encaja directo",formulario/email de proveedores en su web,https://discountvapepen.com/product-category/cartridge-vape-battery/novelty-510-batteries/,sin contactar,,buscar contacto de compras (buyer)
A,Discreet Smoker,tienda online (retail),EE.UU.,"Colección ""Novelty 510 Battery"" (Lookah Cat/Bear, SeshGear): compra novelty",email de compras,https://discreetsmoker.com/collections/novelty-510-batteries,sin contactar,,buscar contacto de compras
A,ElementVape,tienda online grande (retail),EE.UU.,"Vende Ooze/Yocan/Lookah, incluidos novelty; pide volumen y marca",vendor/brand submission,https://www.elementvape.com/ooze-650-battery,sin contactar,,buscar programa de vendors
A,Miami K Distribution,distribuidor full-line,Miami FL,"Distribuidor local de vape/tabaco: retira en Miami, flete ≈ 0",teléfono / visita,https://smokeaxis.com/suppliers/state/florida,sin contactar,,conseguir teléfono y nombre del comprador
A,VaporFi Wholesale,distribuidor/marca,Miami FL,"Mayorista de hardware en Miami, envío same-day a retailers",teléfono / email wholesale,https://smokeaxis.com/suppliers/state/florida,sin contactar,,conseguir contacto de compras
A,(otros 4 distribuidores Miami de SmokeAxis),distribuidor,Miami FL,"SmokeAxis lista 6 mayoristas con depósito en Miami",teléfono,https://smokeaxis.com/suppliers/state/florida,sin relevar,,abrir el directorio y completar filas
B,Got Vape Wholesale,distribuidor nacional,EE.UU.,"2.000+ SKUs incluidas baterías 510; abastece smoke shops",email/teléfono compras,https://www.gotvapewholesale.com/,sin contactar,,
B,Mi-Pod Wholesale,distribuidor nacional,EE.UU.,"Colección de baterías 510 (CCELL, Lookah, Cartisan)",email compras,https://mipodwholesale.com/collections/510-threaded-batteries/,sin contactar,,
B,Gotham Distro,distribuidor nacional,EE.UU.,"Vende baterías 510 al por mayor",email/teléfono,https://gothamdistro.com/wholesale-vape-distributor-the-best-wholesale-smoke-distro-bulk-vape-distributor-usa/,sin contactar,,
B,Golden Eagle Distributors,distribuidor nacional,Lombard IL,"Categoría vape shop; lejos (flete LTL a cargo del comprador)",email,https://goldeneagledistributors.com/product-category/vape-shop/,sin contactar,,
C,Smoke shops del sur de Florida (calle),retail físico,Miami-Dade / Broward,"Compran por caja de 50 a $11-12; mejor margen",visita con muestras (rep),Google Maps,sin relevar,,definir quién visita
C,Compradores de saldos (closeout),liquidador,EE.UU.,"Salida del escenario C (lote completo a ≥ $8,50)",email,—,en espera,,"activar sólo si a los 60 días no hay tracción"
