search_term,segment,impressions,clicks,spend,sales,orders,ctr,cpc,cvr,acos,spend_per_order,economic_status,campaigns,match_types
b0fd354l27,ASIN_TARGET,17912,115,124.13,152.46,13,0.64,1.079,11.3,81.4,9.55,ABOVE BREAK-EVEN,2,-
lymphatic contour face brush,GENERIC_CORE,13534,105,109.75,105.9,10,0.78,1.045,9.5,103.6,10.97,ABOVE BREAK-EVEN,8,-|BROAD|PHRASE
lymphatic face brush,GENERIC_CORE,3932,57,61.15,70.94,6,1.45,1.073,10.5,86.2,10.19,ABOVE BREAK-EVEN,15,-|BROAD|EXACT|PHRASE
face brush for lymphatic drainage,GENERIC_CORE,6112,39,45.31,27.98,2,0.64,1.162,5.1,161.9,22.66,ABOVE BREAK-EVEN,12,-|BROAD|PHRASE
gua sha,GUA_SHA,1479,34,32.46,29.97,3,2.3,0.955,8.8,108.3,10.82,ABOVE BREAK-EVEN,4,-|BROAD
lymphatic drainage brush,GENERIC_CORE,1316,20,21.92,51.96,4,1.52,1.096,20.0,42.2,5.48,ABOVE BREAK-EVEN,8,-|BROAD|EXACT|PHRASE
b0fd71lx5z,ASIN_TARGET,1883,21,20.9,18.98,2,1.12,0.995,9.5,110.1,10.45,ABOVE BREAK-EVEN,2,-
lymphatic drainage massager,GENERIC_CORE,1061,18,19.6,9.99,1,1.7,1.089,5.6,196.2,19.6,ABOVE BREAK-EVEN,4,BROAD|PHRASE
gua sha facial tools,GUA_SHA,906,14,16.39,0.0,0,1.55,1.171,0.0,,,HIGH-SPEND / NO-SALE,3,BROAD
b0g3685p2s,ASIN_TARGET,829,15,15.86,33.97,3,1.81,1.057,20.0,46.7,5.29,ABOVE BREAK-EVEN,1,-
face brush,PERIPHERAL_BRUSH,585,15,14.64,9.99,1,2.56,0.976,6.7,146.5,14.64,ABOVE BREAK-EVEN,6,-|BROAD
lymphatic brush,GENERIC_CORE,146,12,12.32,9.99,1,8.22,1.027,8.3,123.3,12.32,ABOVE BREAK-EVEN,7,-|BROAD
kojeva lymphatic face brush,COMPETITOR_BRAND,435,10,10.79,0.0,0,2.3,1.079,0.0,,,HIGH-SPEND / NO-SALE,5,BROAD|PHRASE
b0fcmkz83k,ASIN_TARGET,491,9,10.13,9.99,1,1.83,1.126,11.1,101.4,10.13,INSUFFICIENT DATA,2,-
dry brush for lymphatic drainage,GENERIC_CORE,536,9,9.9,40.97,3,1.68,1.1,33.3,24.2,3.3,PROFITABLE UNDER A+B,3,BROAD
b0fvdrmcdz,ASIN_TARGET,581,11,9.35,9.99,1,1.89,0.85,9.1,93.6,9.35,ABOVE BREAK-EVEN,1,-
lymphatic brush for face,GENERIC_CORE,300,8,8.59,0.0,0,2.67,1.074,0.0,,,HIGH-SPEND / NO-SALE,5,BROAD
kitsch lymphatic contour face brush,COMPETITOR_BRAND,569,7,8.0,0.0,0,1.23,1.143,0.0,,,NEGATIVE CANDIDATE — DATA REQUIRED,3,BROAD|PHRASE
facial brush,PERIPHERAL_BRUSH,64,7,7.86,0.0,0,10.94,1.123,0.0,,,NEGATIVE CANDIDATE — DATA REQUIRED,4,-|BROAD
guasha tool for face,GUA_SHA,137,8,7.6,0.0,0,5.84,0.95,0.0,,,HIGH-SPEND / NO-SALE,3,-|BROAD
guasha brush,GUA_SHA,123,7,7.48,19.98,2,5.69,1.069,28.6,37.4,3.74,INSUFFICIENT DATA,4,-|BROAD|EXACT|PHRASE
guasha brush for face,GUA_SHA,424,6,6.95,19.98,2,1.42,1.158,33.3,34.8,3.48,INSUFFICIENT DATA,2,BROAD|EXACT
lymphatic drainage brush for face,GENERIC_CORE,214,6,6.4,13.99,1,2.8,1.067,16.7,45.7,6.4,INSUFFICIENT DATA,3,BROAD
face lymphatic drainage brush,GENERIC_CORE,235,6,6.37,13.99,1,2.55,1.062,16.7,45.5,6.37,INSUFFICIENT DATA,3,BROAD|PHRASE
soft lymphatic brush,GENERIC_CORE,73,6,6.3,9.99,1,8.22,1.05,16.7,63.1,6.3,INSUFFICIENT DATA,4,BROAD
facial brush for lymphatic drainage,GENERIC_CORE,154,5,5.81,9.99,1,3.25,1.162,20.0,58.2,5.81,INSUFFICIENT DATA,3,BROAD|PHRASE
b0fd6y9bx5,ASIN_TARGET,130,7,5.74,0.0,0,5.38,0.82,0.0,,,NEGATIVE CANDIDATE — DATA REQUIRED,1,-
lymphatic drainage,GENERIC_CORE,122,6,5.59,12.99,1,4.92,0.932,16.7,43.0,5.59,INSUFFICIENT DATA,4,-|BROAD
face massager,PERIPHERAL_BRUSH,123,5,5.12,0.0,0,4.07,1.024,0.0,,,NEGATIVE CANDIDATE — DATA REQUIRED,4,BROAD
nuvetra lymphatic face brush,COMPETITOR_BRAND,83,4,4.59,8.99,1,4.82,1.147,25.0,51.1,4.59,INSUFFICIENT DATA,2,BROAD
facial lymphatic drainage brush,GENERIC_CORE,52,4,4.49,8.99,1,7.69,1.123,25.0,49.9,4.49,INSUFFICIENT DATA,4,BROAD
nuvetra lift & glow lymphatic brush,COMPETITOR_BRAND,76,4,4.09,0.0,0,5.26,1.022,0.0,,,NEGATIVE CANDIDATE — DATA REQUIRED,2,BROAD
b0fb2vf3bw,ASIN_TARGET,56,5,4.08,0.0,0,8.93,0.816,0.0,,,NEGATIVE CANDIDATE — DATA REQUIRED,1,-
lymphatic drainage face brush,GENERIC_CORE,24,4,3.95,0.0,0,16.67,0.988,0.0,,,NEGATIVE CANDIDATE — DATA REQUIRED,4,BROAD
pink lymphatic contour face brush,GENERIC_CORE,11,3,3.95,13.99,1,27.27,1.317,33.3,28.2,3.95,INSUFFICIENT DATA,3,BROAD|PHRASE
aeki lymphatic contour face brush,COMPETITOR_BRAND,211,4,3.89,9.99,1,1.9,0.972,25.0,38.9,3.89,INSUFFICIENT DATA,3,BROAD|EXACT|PHRASE
gua sha brush,GUA_SHA,124,3,3.39,8.99,1,2.42,1.13,33.3,37.7,3.39,INSUFFICIENT DATA,3,-|EXACT
kojiva lymphatic face brush,COMPETITOR_BRAND,39,3,3.39,0.0,0,7.69,1.13,0.0,,,NEGATIVE CANDIDATE — DATA REQUIRED,3,BROAD|PHRASE
face lymphatic drainage,GENERIC_CORE,44,3,3.2,0.0,0,6.82,1.067,0.0,,,NEGATIVE CANDIDATE — DATA REQUIRED,1,BROAD
b0h5mmynwm,ASIN_TARGET,179,4,3.18,0.0,0,2.23,0.795,0.0,,,NEGATIVE CANDIDATE — DATA REQUIRED,1,-
guasha,GUA_SHA,49,3,3.03,9.99,1,6.12,1.01,33.3,30.3,3.03,INSUFFICIENT DATA,2,-|BROAD
facial cleansing brush,PERIPHERAL_BRUSH,19,3,3.0,0.0,0,15.79,1.0,0.0,,,NEGATIVE CANDIDATE — DATA REQUIRED,2,-|BROAD
face massager lymphatic drainage,GENERIC_CORE,9,2,2.98,0.0,0,22.22,1.49,0.0,,,INSUFFICIENT DATA,1,BROAD
dry brush face,PERIPHERAL_BRUSH,8,3,2.97,0.0,0,37.5,0.99,0.0,,,NEGATIVE CANDIDATE — DATA REQUIRED,2,-|EXACT
pink lymphatic drainage brush,GENERIC_CORE,2,2,2.84,19.98,2,100.0,1.42,100.0,14.2,1.42,INSUFFICIENT DATA,1,PHRASE
b0gk98bn1t,ASIN_TARGET,59,3,2.66,0.0,0,5.08,0.887,0.0,,,NEGATIVE CANDIDATE — DATA REQUIRED,1,-
b0fdbjk9ml,ASIN_TARGET,32,3,2.58,0.0,0,9.38,0.86,0.0,,,NEGATIVE CANDIDATE — DATA REQUIRED,1,-
aeki lymphatic face brush,COMPETITOR_BRAND,20,2,2.54,0.0,0,10.0,1.27,0.0,,,INSUFFICIENT DATA,2,BROAD|PHRASE
soft lymphatic drainage brush,GENERIC_CORE,3,2,2.42,0.0,0,66.67,1.21,0.0,,,INSUFFICIENT DATA,1,PHRASE
face dry brush for lymphatic drainage,GENERIC_CORE,2,2,2.4,0.0,0,100.0,1.2,0.0,,,INSUFFICIENT DATA,2,BROAD
lymphatic drainage tool,GENERIC_CORE,28,2,2.39,0.0,0,7.14,1.195,0.0,,,INSUFFICIENT DATA,1,BROAD
gua sha brush for face,GUA_SHA,5,2,2.38,13.99,1,40.0,1.19,50.0,17.0,2.38,INSUFFICIENT DATA,2,-|BROAD
avie lymphatic face brush,GENERIC_CORE,2,2,2.33,0.0,0,100.0,1.165,0.0,,,INSUFFICIENT DATA,2,-|BROAD
b0d9wyc5bn,ASIN_TARGET,45,3,2.32,0.0,0,6.67,0.773,0.0,,,NEGATIVE CANDIDATE — DATA REQUIRED,1,-
kitsch lymphatic drainage brush,COMPETITOR_BRAND,117,2,2.25,0.0,0,1.71,1.125,0.0,,,INSUFFICIENT DATA,1,PHRASE
face roller lymphatic drainage,GENERIC_CORE,74,2,2.22,0.0,0,2.7,1.11,0.0,,,INSUFFICIENT DATA,1,BROAD
kitsch face brush,COMPETITOR_BRAND,134,2,2.21,9.99,1,1.49,1.105,50.0,22.1,2.21,INSUFFICIENT DATA,2,-|BROAD
face lymphatic brush,GENERIC_CORE,3,2,2.08,0.0,0,66.67,1.04,0.0,,,INSUFFICIENT DATA,2,-|BROAD
lymphatic contour face brush 2 pk,GENERIC_CORE,64,2,2.03,0.0,0,3.12,1.015,0.0,,,INSUFFICIENT DATA,1,PHRASE
face washing brush,PERIPHERAL_BRUSH,3,2,1.98,13.99,1,66.67,0.99,50.0,14.2,1.98,INSUFFICIENT DATA,2,-|BROAD
b0fv8crnxd,ASIN_TARGET,25,2,1.94,0.0,0,8.0,0.97,0.0,,,INSUFFICIENT DATA,1,-
icon lymphatic contour face brush,COMPETITOR_BRAND,4,2,1.86,0.0,0,50.0,0.93,0.0,,,INSUFFICIENT DATA,2,BROAD
b0g51jvb9s,ASIN_TARGET,71,2,1.84,0.0,0,2.82,0.92,0.0,,,INSUFFICIENT DATA,1,-
b0fx7wh9dj,ASIN_TARGET,74,2,1.81,0.0,0,2.7,0.905,0.0,,,INSUFFICIENT DATA,2,-
lymphatic draining brush,GENERIC_CORE,4,2,1.75,0.0,0,50.0,0.875,0.0,,,INSUFFICIENT DATA,2,BROAD|PHRASE
gusha,OTHER,8,2,1.72,0.0,0,25.0,0.86,0.0,,,INSUFFICIENT DATA,2,-
contour glow face brush,GENERIC_CONTOUR,124,2,1.71,0.0,0,1.61,0.855,0.0,,,INSUFFICIENT DATA,2,-|EXACT
pink gua sha,GUA_SHA,6,2,1.64,0.0,0,33.33,0.82,0.0,,,INSUFFICIENT DATA,1,-
facial brush for lymphatic drainage pink,GENERIC_CORE,1,1,1.62,0.0,0,100.0,1.62,0.0,,,INSUFFICIENT DATA,1,BROAD
cotsoco lymphatic contour face brush,GENERIC_CORE,2,2,1.58,0.0,0,100.0,0.79,0.0,,,INSUFFICIENT DATA,2,-|PHRASE
b0gc4j1bzf,ASIN_TARGET,12,2,1.57,12.99,1,16.67,0.785,50.0,12.1,1.57,INSUFFICIENT DATA,1,-
rose quartz gua sha brush,GUA_SHA,1,1,1.48,12.99,1,100.0,1.48,100.0,11.4,1.48,INSUFFICIENT DATA,1,BROAD
rose lymphatic brush,GENERIC_CORE,1,1,1.46,0.0,0,100.0,1.46,0.0,,,INSUFFICIENT DATA,1,BROAD
b0dk3m5m49,ASIN_TARGET,6,2,1.41,0.0,0,33.33,0.705,0.0,,,INSUFFICIENT DATA,1,-
lymphatic drainage brush with case pink,GENERIC_CORE,1,1,1.41,0.0,0,100.0,1.41,0.0,,,INSUFFICIENT DATA,1,PHRASE
lymphatic contour face brush avie,GENERIC_CORE,3,1,1.38,9.99,1,33.33,1.38,100.0,13.8,1.38,INSUFFICIENT DATA,1,BROAD
dry face brush for lymphatic drainage,GENERIC_CORE,1,1,1.33,13.99,1,100.0,1.33,100.0,9.5,1.33,INSUFFICIENT DATA,1,PHRASE
dry gua sha brush,GUA_SHA,1,1,1.33,13.99,1,100.0,1.33,100.0,9.5,1.33,INSUFFICIENT DATA,1,PHRASE
ergonomic handle lymphatic drainage brush,GENERIC_CORE,1,1,1.33,13.99,1,100.0,1.33,100.0,9.5,1.33,INSUFFICIENT DATA,1,PHRASE
exfoliating brush,PERIPHERAL_BRUSH,2,1,1.33,0.0,0,50.0,1.33,0.0,,,INSUFFICIENT DATA,1,BROAD
face brushes for cleansing,PERIPHERAL_BRUSH,5,1,1.33,0.0,0,20.0,1.33,0.0,,,INSUFFICIENT DATA,1,BROAD
face drainage,GENERIC_CORE,2,1,1.33,0.0,0,50.0,1.33,0.0,,,INSUFFICIENT DATA,1,BROAD
face gua sha brush,GUA_SHA,2,1,1.33,0.0,0,50.0,1.33,0.0,,,INSUFFICIENT DATA,1,BROAD
face scrubbing brush for women,PERIPHERAL_BRUSH,1,1,1.33,13.99,1,100.0,1.33,100.0,9.5,1.33,INSUFFICIENT DATA,1,BROAD
facial massage tools gua sha jade roller,GUA_SHA,2,1,1.33,0.0,0,50.0,1.33,0.0,,,INSUFFICIENT DATA,1,BROAD
kitsch facial dry brush for lymphatic drainage,COMPETITOR_BRAND,2,1,1.33,0.0,0,50.0,1.33,0.0,,,INSUFFICIENT DATA,1,BROAD
rose quartz gua sha facial tool,GUA_SHA,1,1,1.33,0.0,0,100.0,1.33,0.0,,,INSUFFICIENT DATA,1,BROAD
guasha brush bristles,GUA_SHA,2,1,1.28,0.0,0,50.0,1.28,0.0,,,INSUFFICIENT DATA,1,PHRASE
jade roller gua sha stone facial,GUA_SHA,1,1,1.27,13.99,1,100.0,1.27,100.0,9.1,1.27,INSUFFICIENT DATA,1,BROAD
brush face massage,PERIPHERAL_BRUSH,4,1,1.26,0.0,0,25.0,1.26,0.0,,,INSUFFICIENT DATA,1,BROAD
lymphatic contour face brush pink,GENERIC_CORE,6,1,1.26,0.0,0,16.67,1.26,0.0,,,INSUFFICIENT DATA,1,BROAD
lymphatic contour face tool set,GENERIC_CORE,7,1,1.23,0.0,0,14.29,1.23,0.0,,,INSUFFICIENT DATA,1,BROAD
pink facial brush,PERIPHERAL_BRUSH,2,1,1.22,0.0,0,50.0,1.22,0.0,,,INSUFFICIENT DATA,1,-
b0ghjc8ps4,ASIN_TARGET,6,1,1.21,0.0,0,16.67,1.21,0.0,,,INSUFFICIENT DATA,1,-
b0ghxlwnm7,ASIN_TARGET,1,1,1.21,0.0,0,100.0,1.21,0.0,,,INSUFFICIENT DATA,1,-
b0gwyqdf8q,ASIN_TARGET,1,1,1.21,0.0,0,100.0,1.21,0.0,,,INSUFFICIENT DATA,1,-
best lymphatic drainage brush for face,GENERIC_CORE,2,1,1.2,9.99,1,50.0,1.2,100.0,12.0,1.2,INSUFFICIENT DATA,1,BROAD
facial massage brush natural bristles,PERIPHERAL_BRUSH,5,1,1.2,0.0,0,20.0,1.2,0.0,,,INSUFFICIENT DATA,1,BROAD
lymphatic counter brush and body brush,GENERIC_CORE,2,1,1.2,0.0,0,50.0,1.2,0.0,,,INSUFFICIENT DATA,1,BROAD
soft gua sha brush,GUA_SHA,2,1,1.2,0.0,0,50.0,1.2,0.0,,,INSUFFICIENT DATA,1,BROAD
b0gcf3fmc6,ASIN_TARGET,1,1,1.17,0.0,0,100.0,1.17,0.0,,,INSUFFICIENT DATA,1,-
"3pcs lymphatic contour face brush for jawline & chin sculpting – dry brushing massager for lymphatic drainage & facial fatigue relief, ergonomically designed to fit the skin precisely",GENERIC_CORE,1,1,1.11,0.0,0,100.0,1.11,0.0,,,INSUFFICIENT DATA,1,PHRASE
bevellea lymphatic face brush,GENERIC_CORE,20,1,1.11,0.0,0,5.0,1.11,0.0,,,INSUFFICIENT DATA,1,PHRASE
butterfly gua sha,GUA_SHA,1,1,1.11,0.0,0,100.0,1.11,0.0,,,INSUFFICIENT DATA,1,BROAD
dry brushing body brush for lymphatic drainage,GENERIC_CORE,2,1,1.11,0.0,0,50.0,1.11,0.0,,,INSUFFICIENT DATA,1,BROAD
face exfoliator brush,PERIPHERAL_BRUSH,4,1,1.11,0.0,0,25.0,1.11,0.0,,,INSUFFICIENT DATA,1,BROAD
gua sha facial tools cooling,GUA_SHA,3,1,1.11,13.99,1,33.33,1.11,100.0,7.9,1.11,INSUFFICIENT DATA,1,BROAD
guasha tool for face brush roller stone,GUA_SHA,1,1,1.11,0.0,0,100.0,1.11,0.0,,,INSUFFICIENT DATA,1,BROAD
lymphatic drainage face cleansing brush,GENERIC_CORE,2,1,1.11,0.0,0,50.0,1.11,0.0,,,INSUFFICIENT DATA,1,BROAD
lymphatic drainage face tools,GENERIC_CORE,1,1,1.11,0.0,0,100.0,1.11,0.0,,,INSUFFICIENT DATA,1,BROAD
lymphatic facial brush,GENERIC_CORE,1,1,1.11,0.0,0,100.0,1.11,0.0,,,INSUFFICIENT DATA,1,BROAD
vitale lymphatic drainage massager,GENERIC_CORE,1,1,1.11,0.0,0,100.0,1.11,0.0,,,INSUFFICIENT DATA,1,BROAD
facial massager lymphatic drainage,GENERIC_CORE,2,1,1.1,0.0,0,50.0,1.1,0.0,,,INSUFFICIENT DATA,1,PHRASE
cleaning brush face,PERIPHERAL_BRUSH,2,1,1.09,0.0,0,50.0,1.09,0.0,,,INSUFFICIENT DATA,1,-
kitch lymphatic brush,COMPETITOR_BRAND,12,1,1.09,0.0,0,8.33,1.09,0.0,,,INSUFFICIENT DATA,1,-
lymph drainage massager,GENERIC_CORE,5,1,1.09,0.0,0,20.0,1.09,0.0,,,INSUFFICIENT DATA,1,-
facial brushes,PERIPHERAL_BRUSH,2,1,1.09,0.0,0,50.0,1.09,0.0,,,INSUFFICIENT DATA,1,BROAD
kojeva lymphatic face brush original,COMPETITOR_BRAND,2,1,1.09,0.0,0,50.0,1.09,0.0,,,INSUFFICIENT DATA,1,PHRASE
lymph face brush,GENERIC_CORE,3,1,1.09,0.0,0,33.33,1.09,0.0,,,INSUFFICIENT DATA,1,-
soft dry brush,PERIPHERAL_BRUSH,2,1,1.09,0.0,0,50.0,1.09,0.0,,,INSUFFICIENT DATA,1,-
lymphatic drainage brushes,GENERIC_CORE,1,1,1.08,9.99,1,100.0,1.08,100.0,10.8,1.08,INSUFFICIENT DATA,1,BROAD
lymphatic drainage massager face,GENERIC_CORE,2,1,1.08,0.0,0,50.0,1.08,0.0,,,INSUFFICIENT DATA,1,BROAD
pink gua sha brush,GUA_SHA,1,1,1.08,0.0,0,100.0,1.08,0.0,,,INSUFFICIENT DATA,1,BROAD
real lymphatic contour face brush,GENERIC_CORE,1,1,1.08,0.0,0,100.0,1.08,0.0,,,INSUFFICIENT DATA,1,BROAD
facial lymphatic brush,GENERIC_CORE,3,1,1.06,9.99,1,33.33,1.06,100.0,10.6,1.06,INSUFFICIENT DATA,1,BROAD
lymphatic drainage dry brush kit,GENERIC_CORE,2,1,1.06,9.99,1,50.0,1.06,100.0,10.6,1.06,INSUFFICIENT DATA,1,BROAD
b0g8kq5xfg,ASIN_TARGET,1,1,1.05,0.0,0,100.0,1.05,0.0,,,INSUFFICIENT DATA,1,-
b0gslzd8t1,ASIN_TARGET,1,1,1.05,0.0,0,100.0,1.05,0.0,,,INSUFFICIENT DATA,1,-
face sculpt brush kojeva,COMPETITOR_BRAND,1,1,1.05,0.0,0,100.0,1.05,0.0,,,INSUFFICIENT DATA,1,PHRASE
kitsch lymphatic face brush,COMPETITOR_BRAND,2,1,1.05,0.0,0,50.0,1.05,0.0,,,INSUFFICIENT DATA,1,PHRASE
b0g5kpvh9n,ASIN_TARGET,2,1,1.04,0.0,0,50.0,1.04,0.0,,,INSUFFICIENT DATA,1,-
face dry brush,PERIPHERAL_BRUSH,4,1,1.02,0.0,0,25.0,1.02,0.0,,,INSUFFICIENT DATA,1,BROAD
face brush for girls,PERIPHERAL_BRUSH,1,1,1.0,0.0,0,100.0,1.0,0.0,,,INSUFFICIENT DATA,1,-
face lymphatic draining,GENERIC_CORE,1,1,1.0,0.0,0,100.0,1.0,0.0,,,INSUFFICIENT DATA,1,BROAD
gua sha dry brush,GUA_SHA,3,1,1.0,0.0,0,33.33,1.0,0.0,,,INSUFFICIENT DATA,1,-
hard facial brush,PERIPHERAL_BRUSH,1,1,1.0,0.0,0,100.0,1.0,0.0,,,INSUFFICIENT DATA,1,BROAD
lymphatic contourface brush,GENERIC_CORE,1,1,1.0,0.0,0,100.0,1.0,0.0,,,INSUFFICIENT DATA,1,BROAD
lymphatic massager,GENERIC_CORE,3,1,1.0,9.99,1,33.33,1.0,100.0,10.0,1.0,INSUFFICIENT DATA,1,BROAD
b0cdcq2klz,ASIN_TARGET,1,1,0.97,0.0,0,100.0,0.97,0.0,,,INSUFFICIENT DATA,1,-
b0ch1f8nb1,ASIN_TARGET,1,1,0.97,0.0,0,100.0,0.97,0.0,,,INSUFFICIENT DATA,1,-
b0clczb45h,ASIN_TARGET,7,1,0.97,9.99,1,14.29,0.97,100.0,9.7,0.97,INSUFFICIENT DATA,1,-
b0czq4qz6r,ASIN_TARGET,3,1,0.97,0.0,0,33.33,0.97,0.0,,,INSUFFICIENT DATA,1,-
b0fd3ccmfn,ASIN_TARGET,2,1,0.97,0.0,0,50.0,0.97,0.0,,,INSUFFICIENT DATA,1,-
b0fnmgkvq7,ASIN_TARGET,1,1,0.97,0.0,0,100.0,0.97,0.0,,,INSUFFICIENT DATA,1,-
b0fp26k2l4,ASIN_TARGET,1,1,0.97,0.0,0,100.0,0.97,0.0,,,INSUFFICIENT DATA,1,-
b0fsrnb9mq,ASIN_TARGET,2,1,0.97,0.0,0,50.0,0.97,0.0,,,INSUFFICIENT DATA,1,-
b0fwfcjpx6,ASIN_TARGET,4,1,0.97,0.0,0,25.0,0.97,0.0,,,INSUFFICIENT DATA,1,-
b0gm7kd19t,ASIN_TARGET,1,1,0.97,0.0,0,100.0,0.97,0.0,,,INSUFFICIENT DATA,1,-
b0gzkvg8yy,ASIN_TARGET,3,1,0.97,0.0,0,33.33,0.97,0.0,,,INSUFFICIENT DATA,1,-
b0h4pxnybj,ASIN_TARGET,1,1,0.97,0.0,0,100.0,0.97,0.0,,,INSUFFICIENT DATA,1,-
brush gua sha,GUA_SHA,6,1,0.97,0.0,0,16.67,0.97,0.0,,,INSUFFICIENT DATA,1,-
cepillo para cara,OTHER,2,1,0.97,0.0,0,50.0,0.97,0.0,,,INSUFFICIENT DATA,1,-
cleaning wand for face,OTHER,1,1,0.97,0.0,0,100.0,0.97,0.0,,,INSUFFICIENT DATA,1,-
contour brushes,GENERIC_CONTOUR,1,1,0.97,0.0,0,100.0,0.97,0.0,,,INSUFFICIENT DATA,1,-
escova de drenagem para o rosto,OTHER,4,1,0.97,9.99,1,25.0,0.97,100.0,9.7,0.97,INSUFFICIENT DATA,1,-
exfoliating brush for face,PERIPHERAL_BRUSH,3,1,0.97,0.0,0,33.33,0.97,0.0,,,INSUFFICIENT DATA,1,-
exfoliator brush,PERIPHERAL_BRUSH,4,1,0.97,0.0,0,25.0,0.97,0.0,,,INSUFFICIENT DATA,1,-
face shaper,OTHER,7,1,0.97,0.0,0,14.29,0.97,0.0,,,INSUFFICIENT DATA,1,-
facial sculpting brush,GENERIC_CONTOUR,3,1,0.97,0.0,0,33.33,0.97,0.0,,,INSUFFICIENT DATA,1,-
glow up essentials gua sha,GUA_SHA,2,1,0.97,0.0,0,50.0,0.97,0.0,,,INSUFFICIENT DATA,1,-
gua brush,PERIPHERAL_BRUSH,1,1,0.97,0.0,0,100.0,0.97,0.0,,,INSUFFICIENT DATA,1,-
gua sha and dry brush,GUA_SHA,9,1,0.97,0.0,0,11.11,0.97,0.0,,,INSUFFICIENT DATA,1,-
gua-sha,OTHER,5,1,0.97,0.0,0,20.0,0.97,0.0,,,INSUFFICIENT DATA,1,-
kitch lymphatic contour face brush,COMPETITOR_BRAND,5,1,0.97,9.99,1,20.0,0.97,100.0,9.7,0.97,INSUFFICIENT DATA,1,-
kitsch lymphatic contour facial brush,COMPETITOR_BRAND,1,1,0.97,0.0,0,100.0,0.97,0.0,,,INSUFFICIENT DATA,1,BROAD
korean contour nose brush,GENERIC_CONTOUR,1,1,0.97,0.0,0,100.0,0.97,0.0,,,INSUFFICIENT DATA,1,-
korean facial brush,PERIPHERAL_BRUSH,2,1,0.97,0.0,0,50.0,0.97,0.0,,,INSUFFICIENT DATA,1,-
kujeva lymphatic face brush,GENERIC_CORE,2,1,0.97,0.0,0,50.0,0.97,0.0,,,INSUFFICIENT DATA,1,PHRASE
lymphatic drainage massager for face,GENERIC_CORE,1,1,0.97,0.0,0,100.0,0.97,0.0,,,INSUFFICIENT DATA,1,BROAD
lymphatic face brush curved,GENERIC_CORE,3,1,0.97,0.0,0,33.33,0.97,0.0,,,INSUFFICIENT DATA,1,-
nose contour brush,GENERIC_CONTOUR,11,1,0.97,0.0,0,9.09,0.97,0.0,,,INSUFFICIENT DATA,1,-
sculpting brush,GENERIC_CONTOUR,2,1,0.97,0.0,0,50.0,0.97,0.0,,,INSUFFICIENT DATA,1,-
gaiam facial gua sha metal stainless,GUA_SHA,1,1,0.96,0.0,0,100.0,0.96,0.0,,,INSUFFICIENT DATA,1,BROAD
lymphatic drainage face,GENERIC_CORE,1,1,0.96,0.0,0,100.0,0.96,0.0,,,INSUFFICIENT DATA,1,PHRASE
b0h8ndc3r3,ASIN_TARGET,1,1,0.94,0.0,0,100.0,0.94,0.0,,,INSUFFICIENT DATA,1,-
jade roller for face lymphatic drainage,GENERIC_CORE,1,1,0.93,0.0,0,100.0,0.93,0.0,,,INSUFFICIENT DATA,1,BROAD
lymphatic face brush cute,GENERIC_CORE,2,1,0.93,0.0,0,50.0,0.93,0.0,,,INSUFFICIENT DATA,1,PHRASE
b0fpch9s11,ASIN_TARGET,21,1,0.92,0.0,0,4.76,0.92,0.0,,,INSUFFICIENT DATA,1,-
best gua sha,GUA_SHA,3,1,0.91,0.0,0,33.33,0.91,0.0,,,INSUFFICIENT DATA,1,-
face massage brush,PERIPHERAL_BRUSH,1,1,0.91,0.0,0,100.0,0.91,0.0,,,INSUFFICIENT DATA,1,-
lymphatic,GENERIC_CORE,3,1,0.91,0.0,0,33.33,0.91,0.0,,,INSUFFICIENT DATA,1,-
pink lymphatic face brush,GENERIC_CORE,2,1,0.91,9.99,1,50.0,0.91,100.0,9.1,0.91,INSUFFICIENT DATA,1,PHRASE
b0fynltw3y,ASIN_TARGET,12,1,0.9,0.0,0,8.33,0.9,0.0,,,INSUFFICIENT DATA,1,-
glow beauty brush,GLOW,1,1,0.9,0.0,0,100.0,0.9,0.0,,,INSUFFICIENT DATA,1,-
medicube gua sha,COMPETITOR_BRAND,9,1,0.9,9.99,1,11.11,0.9,100.0,9.0,0.9,INSUFFICIENT DATA,1,-
kitsch lymphatic drainage face brush,COMPETITOR_BRAND,5,1,0.89,0.0,0,20.0,0.89,0.0,,,INSUFFICIENT DATA,1,BROAD
b09y4n7ysn,ASIN_TARGET,1,1,0.88,0.0,0,100.0,0.88,0.0,,,INSUFFICIENT DATA,1,-
gua sha pink,GUA_SHA,2,1,0.88,0.0,0,50.0,0.88,0.0,,,INSUFFICIENT DATA,1,-
lymphatic drainage massage tools,GENERIC_CORE,2,1,0.87,0.0,0,50.0,0.87,0.0,,,INSUFFICIENT DATA,1,BROAD
b0gx518khf,ASIN_TARGET,2,1,0.86,13.99,1,50.0,0.86,100.0,6.1,0.86,INSUFFICIENT DATA,1,-
b0h3qbl859,ASIN_TARGET,2,1,0.85,0.0,0,50.0,0.85,0.0,,,INSUFFICIENT DATA,1,-
lymphatic contour brush,GENERIC_CORE,1,1,0.84,0.0,0,100.0,0.84,0.0,,,INSUFFICIENT DATA,1,-
face applicator tool,OTHER,1,1,0.83,0.0,0,100.0,0.83,0.0,,,INSUFFICIENT DATA,1,-
electric facial brush,PERIPHERAL_BRUSH,1,1,0.82,0.0,0,100.0,0.82,0.0,,,INSUFFICIENT DATA,1,-
detox brush,PERIPHERAL_BRUSH,2,1,0.81,0.0,0,50.0,0.81,0.0,,,INSUFFICIENT DATA,1,-
b08pdysk8q,ASIN_TARGET,1,1,0.81,8.99,1,100.0,0.81,100.0,9.0,0.81,INSUFFICIENT DATA,1,-
b0cpdbw579,ASIN_TARGET,4,1,0.81,0.0,0,25.0,0.81,0.0,,,INSUFFICIENT DATA,1,-
b0gl24rtpw,ASIN_TARGET,1,1,0.81,0.0,0,100.0,0.81,0.0,,,INSUFFICIENT DATA,1,-
b0g1tk5zkj,ASIN_TARGET,5,1,0.79,0.0,0,20.0,0.79,0.0,,,INSUFFICIENT DATA,1,-
b0hcp1th5x,ASIN_TARGET,1,1,0.79,0.0,0,100.0,0.79,0.0,,,INSUFFICIENT DATA,1,-
b0hc3vdjnp,ASIN_TARGET,1,1,0.78,0.0,0,100.0,0.78,0.0,,,INSUFFICIENT DATA,1,-
dry brush guasha for face,GUA_SHA,2,1,0.78,0.0,0,50.0,0.78,0.0,,,INSUFFICIENT DATA,1,BROAD
"brush guasha for face, mario badescu",GUA_SHA,2,1,0.76,0.0,0,50.0,0.76,0.0,,,INSUFFICIENT DATA,1,BROAD
face brushes for face,PERIPHERAL_BRUSH,1,1,0.76,0.0,0,100.0,0.76,0.0,,,INSUFFICIENT DATA,1,-
lymphatic drainage massage brush,GENERIC_CORE,1,1,0.76,0.0,0,100.0,0.76,0.0,,,INSUFFICIENT DATA,1,BROAD
b0fwk4ftcd,ASIN_TARGET,1,1,0.75,0.0,0,100.0,0.75,0.0,,,INSUFFICIENT DATA,1,-
quasha,OTHER,1,1,0.75,0.0,0,100.0,0.75,0.0,,,INSUFFICIENT DATA,1,-
b0gsqw56yt,ASIN_TARGET,5,1,0.74,0.0,0,20.0,0.74,0.0,,,INSUFFICIENT DATA,1,-
best lymphatic drainage massager,GENERIC_CORE,1,1,0.74,0.0,0,100.0,0.74,0.0,,,INSUFFICIENT DATA,1,PHRASE
anti cellulite brush,PERIPHERAL_BRUSH,0,1,0.72,0.0,0,,0.72,0.0,,,INSUFFICIENT DATA,1,-
b0cxg2r3jq,ASIN_TARGET,2,1,0.72,0.0,0,50.0,0.72,0.0,,,INSUFFICIENT DATA,1,-
b0gww4yqlj,ASIN_TARGET,1,1,0.72,0.0,0,100.0,0.72,0.0,,,INSUFFICIENT DATA,1,-
b0h3bxx6gm,ASIN_TARGET,23,1,0.72,0.0,0,4.35,0.72,0.0,,,INSUFFICIENT DATA,1,-
face powder brush,PERIPHERAL_BRUSH,3,1,0.72,0.0,0,33.33,0.72,0.0,,,INSUFFICIENT DATA,1,-
b0gskvspv2,ASIN_TARGET,1,1,0.71,0.0,0,100.0,0.71,0.0,,,INSUFFICIENT DATA,1,-
contour,GENERIC_CONTOUR,2,1,0.71,0.0,0,50.0,0.71,0.0,,,INSUFFICIENT DATA,1,-
b0bl7dxrf5,ASIN_TARGET,1,1,0.7,0.0,0,100.0,0.7,0.0,,,INSUFFICIENT DATA,1,-
b0c93rt57j,ASIN_TARGET,11,1,0.7,0.0,0,9.09,0.7,0.0,,,INSUFFICIENT DATA,1,-
b0gwvxn8wh,ASIN_TARGET,1,1,0.7,0.0,0,100.0,0.7,0.0,,,INSUFFICIENT DATA,1,-
b0h6knh9xl,ASIN_TARGET,1,1,0.67,0.0,0,100.0,0.67,0.0,,,INSUFFICIENT DATA,1,-
b0gldrmssr,ASIN_TARGET,7,1,0.66,0.0,0,14.29,0.66,0.0,,,INSUFFICIENT DATA,1,-
bronzer brush,PERIPHERAL_BRUSH,3,1,0.66,0.0,0,33.33,0.66,0.0,,,INSUFFICIENT DATA,1,-
b0cnlmcs84,ASIN_TARGET,4,1,0.62,0.0,0,25.0,0.62,0.0,,,INSUFFICIENT DATA,1,-
morphe brushes,PERIPHERAL_BRUSH,4,1,0.62,0.0,0,25.0,0.62,0.0,,,INSUFFICIENT DATA,1,-
b0cpp91hzj,ASIN_TARGET,1,1,0.6,0.0,0,100.0,0.6,0.0,,,INSUFFICIENT DATA,1,-
b0ghmqtpzl,ASIN_TARGET,2,1,0.59,0.0,0,50.0,0.59,0.0,,,INSUFFICIENT DATA,1,-
lymph massage,GENERIC_CORE,8,2,0.56,0.0,0,25.0,0.28,0.0,,,INSUFFICIENT DATA,1,-
b0gxvhstl8,ASIN_TARGET,2,1,0.55,0.0,0,50.0,0.55,0.0,,,INSUFFICIENT DATA,1,-
b0fgxggsht,ASIN_TARGET,1,1,0.49,0.0,0,100.0,0.49,0.0,,,INSUFFICIENT DATA,1,-
b0gf9fw2wp,ASIN_TARGET,1,1,0.48,0.0,0,100.0,0.48,0.0,,,INSUFFICIENT DATA,1,-
b0f9n9bdt1,ASIN_TARGET,2,1,0.44,0.0,0,50.0,0.44,0.0,,,INSUFFICIENT DATA,1,-
brushes for makeup,PERIPHERAL_BRUSH,2,1,0.43,0.0,0,50.0,0.43,0.0,,,INSUFFICIENT DATA,1,-
b0gc3hx5kh,ASIN_TARGET,14,1,0.36,0.0,0,7.14,0.36,0.0,,,INSUFFICIENT DATA,1,-
lymph drainage massage,GENERIC_CORE,1,1,0.28,0.0,0,100.0,0.28,0.0,,,INSUFFICIENT DATA,1,-
beauty hacks,OTHER,7,1,0.28,0.0,0,14.29,0.28,0.0,,,INSUFFICIENT DATA,1,-
lymphatic drainage on my face,GENERIC_CORE,1,1,0.06,9.99,1,100.0,0.06,100.0,0.6,0.06,INSUFFICIENT DATA,1,BROAD
