Campaña,Grupo de anuncios,Keyword o ASIN,Concordancia,Puja inicial USD,Por qué
AVIE_OCT_EMPUJE_EX,empuje,gua sha brush,Exacta,0.9,EMPUJE de ranking: AVIE orgánico #33 · 4.843/mes
AVIE_OCT_EMPUJE_EX,empuje,guasha brush for face,Exacta,0.9,EMPUJE de ranking: AVIE orgánico #84 · CVR 33 % (n=6)
AVIE_OCT_EMPUJE_EX,empuje,guasha brush,Exacta,0.9,EMPUJE de ranking: AVIE orgánico #92 · CVR 29 % (n=7)
AVIE_OCT_EMPUJE_EX,empuje,gua sha brush for face,Exacta,0.9,EMPUJE de ranking: AVIE orgánico CVR 50 % (n=2)
AVIE_OCT_EMPUJE_EX,empuje,contour glow brush,Exacta,0.8,EMPUJE de ranking: AVIE orgánico #63 · anuncio en pos. 6
AVIE_OCT_EMPUJE_EX,empuje,contour glow face brush,Exacta,0.8,EMPUJE de ranking: AVIE orgánico #60 · anuncio en pos. 9
AVIE_OCT_EMPUJE_EX,empuje,contour glow brush for face,Exacta,0.8,EMPUJE de ranking: AVIE orgánico #73
AVIE_OCT_PROBADAS_EX,probadas,dry brush for lymphatic drainage,Exacta,0.85,Ya vendió en ads (CVR 15-33 %)
AVIE_OCT_PROBADAS_EX,probadas,lymphatic drainage brush,Exacta,0.85,Ya vendió en ads (CVR 15-33 %)
AVIE_OCT_PROBADAS_EX,probadas,lymphatic face brush,Exacta,0.85,Ya vendió en ads (CVR 15-33 %)
AVIE_OCT_PROBADAS_EX,probadas,face lymphatic drainage brush,Exacta,0.85,Ya vendió en ads (CVR 15-33 %)
AVIE_OCT_PROBADAS_EX,probadas,lymphatic drainage brush for face,Exacta,0.85,Ya vendió en ads (CVR 15-33 %)
AVIE_OCT_PROBADAS_EX,probadas,facial lymphatic drainage brush,Exacta,0.85,Ya vendió en ads (CVR 15-33 %)
AVIE_OCT_PROBADAS_EX,probadas,facial brush for lymphatic drainage,Exacta,0.85,Ya vendió en ads (CVR 15-33 %)
AVIE_OCT_PROBADAS_EX,probadas,lymphatic drainage brushes,Exacta,0.85,Ya vendió en ads (CVR 15-33 %)
AVIE_OCT_PROBADAS_EX,probadas,facial lymphatic brush,Exacta,0.85,Ya vendió en ads (CVR 15-33 %)
AVIE_OCT_PROBADAS_EX,probadas,dry face brush for lymphatic drainage,Exacta,0.85,Ya vendió en ads (CVR 15-33 %)
AVIE_OCT_PROBADAS_EX,probadas,pink lymphatic drainage brush,Exacta,0.85,Ya vendió en ads (CVR 15-33 %)
AVIE_OCT_PROBADAS_EX,probadas,pink lymphatic contour face brush,Exacta,0.85,Ya vendió en ads (CVR 15-33 %)
AVIE_OCT_PROBADAS_EX,probadas,pink lymphatic face brush,Exacta,0.85,Ya vendió en ads (CVR 15-33 %)
AVIE_OCT_QUICKWIN_EX,long-tail,skin brush for face,Exacta,0.75,AVIE orgánico #42 · 456 búsq/mes · CPR bajo
AVIE_OCT_QUICKWIN_EX,long-tail,soft guasha facial brush,Exacta,0.75,AVIE orgánico #52 · 265 búsq/mes · CPR bajo
AVIE_OCT_QUICKWIN_EX,long-tail,depuffing brush for face,Exacta,0.75,AVIE orgánico #55 · 261 búsq/mes · CPR bajo
AVIE_OCT_QUICKWIN_EX,long-tail,brush for face drainage,Exacta,0.75,AVIE orgánico #56 · 425 búsq/mes · CPR bajo
AVIE_OCT_QUICKWIN_EX,long-tail,lymphatic contour face brush soft bristles,Exacta,0.75,AVIE orgánico #57 · 361 búsq/mes · CPR bajo
AVIE_OCT_QUICKWIN_EX,long-tail,lymphatic drainage brush soft,Exacta,0.75,AVIE orgánico #58 · 347 búsq/mes · CPR bajo
AVIE_OCT_QUICKWIN_EX,long-tail,face drainage brush,Exacta,0.75,AVIE orgánico #62 · 538 búsq/mes · CPR bajo
AVIE_OCT_QUICKWIN_EX,long-tail,de-bloat face sculpting brush,Exacta,0.75,AVIE orgánico #62 · 348 búsq/mes · CPR bajo
AVIE_OCT_QUICKWIN_EX,long-tail,gua sha dry brush,Exacta,0.75,AVIE orgánico #62 · 274 búsq/mes · CPR bajo
AVIE_OCT_QUICKWIN_EX,long-tail,face brush gua sha,Exacta,0.75,AVIE orgánico #65 · 306 búsq/mes · CPR bajo
AVIE_OCT_QUICKWIN_EX,long-tail,gua sha face brush,Exacta,0.75,AVIE orgánico #66 · 461 búsq/mes · CPR bajo
AVIE_OCT_QUICKWIN_EX,long-tail,lymphatic contour face brush korean,Exacta,0.75,AVIE orgánico #67 · 365 búsq/mes · CPR bajo
AVIE_OCT_QUICKWIN_EX,long-tail,guasha face brush,Exacta,0.75,AVIE orgánico #67 · 329 búsq/mes · CPR bajo
AVIE_OCT_QUICKWIN_EX,long-tail,face brushes for lymphatic drainage,Exacta,0.75,AVIE orgánico #68 · 574 búsq/mes · CPR bajo
AVIE_OCT_QUICKWIN_EX,long-tail,brush guasha for face,Exacta,0.75,AVIE orgánico #70 · 437 búsq/mes · CPR bajo
AVIE_OCT_QUICKWIN_EX,long-tail,lymphatic drainage brush face,Exacta,0.75,AVIE orgánico #72 · 360 búsq/mes · CPR bajo
AVIE_OCT_QUICKWIN_EX,long-tail,gua sha facial brush,Exacta,0.75,AVIE orgánico #73 · 324 búsq/mes · CPR bajo
AVIE_OCT_QUICKWIN_EX,long-tail,lymphatic facial drainage brush,Exacta,0.75,AVIE orgánico #74 · 385 búsq/mes · CPR bajo
AVIE_OCT_QUICKWIN_EX,long-tail,face gua sha brush,Exacta,0.75,AVIE orgánico #74 · 349 búsq/mes · CPR bajo
AVIE_OCT_QUICKWIN_EX,long-tail,contour facial brush,Exacta,0.75,AVIE orgánico #77 · 295 búsq/mes · CPR bajo
AVIE_OCT_QUICKWIN_EX,long-tail,contour brush lymphatic drainage,Exacta,0.75,AVIE orgánico #80 · 302 búsq/mes · CPR bajo
AVIE_OCT_QUICKWIN_EX,long-tail,facial contour brush lymphatic,Exacta,0.75,AVIE orgánico #81 · 610 búsq/mes · CPR bajo
AVIE_OCT_QUICKWIN_EX,long-tail,lymphatic beauty brush,Exacta,0.75,AVIE orgánico #81 · 344 búsq/mes · CPR bajo
AVIE_OCT_QUICKWIN_EX,long-tail,gua sha dry brush for face,Exacta,0.75,AVIE orgánico #82 · 253 búsq/mes · CPR bajo
AVIE_OCT_QUICKWIN_EX,long-tail,facial sculpting brushes for lymphatic drainage,Exacta,0.75,AVIE orgánico #84 · 367 búsq/mes · CPR bajo
AVIE_OCT_QUICKWIN_EX,long-tail,lymphatic drainage facial brush,Exacta,0.75,AVIE orgánico #85 · 561 búsq/mes · CPR bajo
AVIE_OCT_QUICKWIN_EX,long-tail,lymphatic contour face brush soft,Exacta,0.75,AVIE orgánico #85 · 421 búsq/mes · CPR bajo
AVIE_OCT_QUICKWIN_EX,long-tail,lymphatic drain face brush,Exacta,0.75,AVIE orgánico #85 · 254 búsq/mes · CPR bajo
AVIE_OCT_QUICKWIN_EX,long-tail,facial sculpting brush,Exacta,0.75,AVIE orgánico #86 · 520 búsq/mes · CPR bajo
AVIE_OCT_QUICKWIN_EX,long-tail,soft face brush lymphatic,Exacta,0.75,AVIE orgánico #86 · 315 búsq/mes · CPR bajo
AVIE_OCT_QUICKWIN_EX,long-tail,lymphatic drain brush for face,Exacta,0.75,AVIE orgánico #88 · 574 búsq/mes · CPR bajo
AVIE_OCT_QUICKWIN_EX,long-tail,facial brushes for lymphatic drainage,Exacta,0.75,AVIE orgánico #88 · 394 búsq/mes · CPR bajo
AVIE_OCT_QUICKWIN_EX,long-tail,lymphatic draining brush for face,Exacta,0.75,AVIE orgánico #88 · 256 búsq/mes · CPR bajo
AVIE_OCT_QUICKWIN_EX,long-tail,facial drainage brush,Exacta,0.75,AVIE orgánico #89 · 476 búsq/mes · CPR bajo
AVIE_OCT_QUICKWIN_EX,long-tail,sculpt brush for face,Exacta,0.75,AVIE orgánico #90 · 300 búsq/mes · CPR bajo
AVIE_OCT_QUICKWIN_EX,long-tail,korean face lifting brush,Exacta,0.75,AVIE orgánico #94 · 367 búsq/mes · CPR bajo
AVIE_OCT_QUICKWIN_EX,long-tail,facial lymph drainage brush,Exacta,0.75,AVIE orgánico #94 · 273 búsq/mes · CPR bajo
AVIE_OCT_QUICKWIN_EX,long-tail,lymphatic facial contour brush,Exacta,0.75,AVIE orgánico #95 · 295 búsq/mes · CPR bajo
AVIE_OCT_QUICKWIN_EX,long-tail,sculpting face brush,Exacta,0.75,AVIE orgánico #96 · 349 búsq/mes · CPR bajo
AVIE_OCT_QUICKWIN_EX,long-tail,dry lymphatic massage brush for face,Exacta,0.75,AVIE orgánico #96 · 277 búsq/mes · CPR bajo
AVIE_OCT_QUICKWIN_EX,long-tail,lymphatic contour brush for face,Exacta,0.75,AVIE orgánico #100 · 461 búsq/mes · CPR bajo
AVIE_OCT_QUICKWIN_EX,long-tail,face brush lymphatic drainage,Exacta,0.75,AVIE orgánico #101 · 487 búsq/mes · CPR bajo
AVIE_OCT_QUICKWIN_EX,long-tail,facial contour brush,Exacta,0.75,AVIE orgánico #102 · 403 búsq/mes · CPR bajo
AVIE_OCT_QUICKWIN_EX,long-tail,contour lymphatic face brush,Exacta,0.75,AVIE orgánico #103 · 322 búsq/mes · CPR bajo
AVIE_OCT_QUICKWIN_EX,long-tail,dry brush face,Exacta,0.75,AVIE orgánico #107 · 700 búsq/mes · CPR bajo
AVIE_OCT_QUICKWIN_EX,long-tail,face lymphatic brush,Exacta,0.75,AVIE orgánico #107 · 520 búsq/mes · CPR bajo
AVIE_OCT_QUICKWIN_EX,long-tail,korean brush for face,Exacta,0.75,AVIE orgánico #107 · 359 búsq/mes · CPR bajo
AVIE_OCT_QUICKWIN_EX,long-tail,face lymphatic contour brush,Exacta,0.75,AVIE orgánico #107 · 337 búsq/mes · CPR bajo
AVIE_OCT_QUICKWIN_EX,long-tail,face massage brush,Exacta,0.75,AVIE orgánico #108 · 535 búsq/mes · CPR bajo
AVIE_OCT_QUICKWIN_EX,long-tail,dry brush for lymphatic drainage face,Exacta,0.75,AVIE orgánico #108 · 520 búsq/mes · CPR bajo
AVIE_OCT_QUICKWIN_EX,long-tail,face lifting brush,Exacta,0.75,AVIE orgánico #108 · 375 búsq/mes · CPR bajo
AVIE_OCT_QUICKWIN_EX,long-tail,depuff brush for face,Exacta,0.75,AVIE orgánico #108 · 300 búsq/mes · CPR bajo
AVIE_OCT_QUICKWIN_EX,long-tail,face dry brush for lymphatic drainage,Exacta,0.75,AVIE orgánico #109 · 546 búsq/mes · CPR bajo
AVIE_OCT_QUICKWIN_EX,long-tail,korean lymphatic face brush,Exacta,0.75,AVIE orgánico #110 · 267 búsq/mes · CPR bajo
AVIE_OCT_RIVALES_EX,marcas y errores,k glow face sculpting brush,Exacta,0.6,AVIE orgánico #33
AVIE_OCT_RIVALES_EX,marcas y errores,lymphatic contour face brush k glow,Exacta,0.6,AVIE orgánico #34
AVIE_OCT_RIVALES_EX,marcas y errores,contourglow brush,Exacta,0.6,AVIE orgánico #47
AVIE_OCT_RIVALES_EX,marcas y errores,skinn double-ended face massage brush,Exacta,0.6,AVIE orgánico #49
AVIE_OCT_RIVALES_EX,marcas y errores,nuventra facial brush,Exacta,0.6,AVIE orgánico #55
AVIE_OCT_RIVALES_EX,marcas y errores,face beauty workshop lymphatic brush,Exacta,0.6,AVIE orgánico #69
AVIE_OCT_RIVALES_EX,marcas y errores,koneva lymphatic face brush,Exacta,0.6,AVIE orgánico #81
AVIE_OCT_RIVALES_EX,marcas y errores,floriem lymphatic face brush,Exacta,0.6,AVIE orgánico #86
AVIE_OCT_RIVALES_EX,marcas y errores,auvorra lymphatic contour face brush,Exacta,0.6,AVIE orgánico #86
AVIE_OCT_RIVALES_EX,marcas y errores,kojeca lymphatic face brush,Exacta,0.6,AVIE orgánico #87
AVIE_OCT_RIVALES_EX,marcas y errores,nuevetra face brush,Exacta,0.6,AVIE orgánico #88
AVIE_OCT_RIVALES_EX,marcas y errores,kogeva lymphatic face brush,Exacta,0.6,AVIE orgánico #90
AVIE_OCT_RIVALES_EX,marcas y errores,cecily braden lymphatic face brush,Exacta,0.6,AVIE orgánico #91
AVIE_OCT_RIVALES_EX,marcas y errores,soothesilk facial contour brush,Exacta,0.6,AVIE orgánico #91
AVIE_OCT_RIVALES_EX,marcas y errores,sefvako lymphatic contour face brush,Exacta,0.6,AVIE orgánico #95
AVIE_OCT_RIVALES_EX,marcas y errores,recuvia lymphatic contour face brush eliminate puffiness in minutes,Exacta,0.6,AVIE orgánico #96
AVIE_OCT_RIVALES_EX,marcas y errores,vough lymphatic contour face brush,Exacta,0.6,AVIE orgánico #96
AVIE_OCT_RIVALES_EX,marcas y errores,akei lymphatic facial brush,Exacta,0.6,AVIE orgánico #100
AVIE_OCT_RIVALES_EX,marcas y errores,aeli lymphatic face brush,Exacta,0.6,AVIE orgánico #105
AVIE_OCT_RIVALES_EX,marcas y errores,lymphatic contour face brush puur house,Exacta,0.6,AVIE orgánico #106
AVIE_OCT_RIVALES_EX,marcas y errores,koje a lymphatic face brush,Exacta,0.6,AVIE orgánico #108
AVIE_OCT_RIVALES_EX,marcas y errores,koheva lymphatic face brush,Exacta,0.6,AVIE orgánico #109
AVIE_OCT_RIVALES_EX,marcas y errores,awki lymphatic face brush,Exacta,0.6,AVIE orgánico #109
AVIE_OCT_RIVALES_EX,marcas y errores,kojovia face brush for lymphatic drainage,Exacta,0.6,AVIE orgánico #110
AVIE_OCT_RIVALES_EX,marcas y errores,arki lymphatic face brush,Exacta,0.6,AVIE orgánico #114
AVIE_OCT_RIVALES_EX,marcas y errores,puur house lymphatic contour face brush,Exacta,0.6,AVIE orgánico #116
AVIE_OCT_RIVALES_EX,marcas y errores,lymphatic brush by cecily braden,Exacta,0.6,AVIE orgánico #116
AVIE_OCT_RIVALES_EX,marcas y errores,kojevs lymphatic face brush,Exacta,0.6,AVIE orgánico #117
AVIE_OCT_RIVALES_EX,marcas y errores,eteross lymphatic face brush,Exacta,0.6,AVIE orgánico #121
AVIE_OCT_RIVALES_EX,marcas y errores,vddo lymphatic contour face brush,Exacta,0.6,AVIE orgánico #121
AVIE_OCT_RIVALES_EX,marcas y errores,vellorra lymphatic contour face brush,Exacta,0.6,AVIE orgánico #128
AVIE_OCT_ASIN,asin,B0GFSMWTPK,Producto (ASIN),0.65,"Aeki 16,99 · rival más débil"
AVIE_OCT_ASIN,asin,B0GVBQ7P79,Producto (ASIN),0.65,"Cheersendex 19,95"
AVIE_OCT_ASIN,asin,B0G3685P2S,Producto (ASIN),0.65,"ya convirtió (ACOS 46,7 %)"
AVIE_OCT_DESCUBRIR_PH,descubrir,lymphatic face brush,Frase,0.55,Encuentra términos nuevos baratos; cosechar a exacta los que vendan
AVIE_OCT_DESCUBRIR_PH,descubrir,lymphatic drainage brush,Frase,0.55,Encuentra términos nuevos baratos; cosechar a exacta los que vendan
AVIE_OCT_DESCUBRIR_PH,descubrir,gua sha brush,Frase,0.55,Encuentra términos nuevos baratos; cosechar a exacta los que vendan
AVIE_OCT_DESCUBRIR_PH,descubrir,face sculpting brush,Frase,0.55,Encuentra términos nuevos baratos; cosechar a exacta los que vendan
AVIE_OCT_DESCUBRIR_PH,descubrir,depuff brush,Frase,0.55,Encuentra términos nuevos baratos; cosechar a exacta los que vendan
AVIE_OCT_PROBADAS_EX,probadas,lymphatic contour face brush,Exacta,0.5,"Keyword principal (55.000/mes). CVR histórico 9,5 % → CPC máx. ~0,50 (regla precio × 33 % × CVR)"
AVIE_OCT_QUICKWIN_EX,long-tail,glow brush lymphatic,Exacta,0.75,Keyword Tracker 08-oct: AVIE orgánico #23
AVIE_OCT_QUICKWIN_EX,long-tail,korean lymphatic brush,Exacta,0.75,Keyword Tracker 08-oct: AVIE orgánico #24
AVIE_OCT_QUICKWIN_EX,long-tail,glow brush for face,Exacta,0.75,Keyword Tracker 08-oct: AVIE orgánico #35
AVIE_OCT_QUICKWIN_EX,long-tail,counter glow face brush,Exacta,0.75,Keyword Tracker 08-oct: AVIE orgánico #44
AVIE_OCT_QUICKWIN_EX,long-tail,counterglow face brush,Exacta,0.75,Keyword Tracker 08-oct: AVIE orgánico #50
AVIE_OCT_QUICKWIN_EX,long-tail,face massager brush,Exacta,0.75,Keyword Tracker 08-oct: AVIE orgánico #59
AVIE_OCT_QUICKWIN_EX,long-tail,contour face brush for lymphatic drainage,Exacta,0.75,Keyword Tracker 08-oct: AVIE orgánico #75
AVIE_OCT_QUICKWIN_EX,long-tail,lymphatic drainage face brush,Exacta,0.7,Keyword Tracker 08-oct: AVIE orgánico #82 · 2.474/mes
AVIE_OCT_QUICKWIN_EX,long-tail,lymph brush for face and neck,Exacta,0.75,Keyword Tracker 08-oct: AVIE orgánico #89 · 634/mes
AVIE_OCT_QUICKWIN_EX,long-tail,face brush for lymphatic drainage,Exacta,0.45,Keyword Tracker 08-oct: AVIE orgánico #45 · 5.849/mes · CVR histórico bajo · CVR histórico 5 % (39 clics) → puja de prueba baja
AVIE_OCT_QUICKWIN_EX,long-tail,soft bristle face brush,Exacta,0.6,Keyword Tracker 08-oct: AVIE orgánico #100 · 607/mes
AVIE_OCT_QUICKWIN_EX,long-tail,lymphatic dry brush for face,Exacta,0.7,Keyword Tracker 08-oct: AVIE orgánico #100 · 522/mes
AVIE_OCT_QUICKWIN_EX,long-tail,face sculpting brush lymphatic,Exacta,0.65,Keyword Tracker 08-oct: AVIE orgánico 600/mes (antes en AVIE_SCULPT_EX_US)
AVIE_OCT_RIVALES_EX,marcas y errores,nuvetra contour glow brush,Exacta,0.6,Keyword Tracker 08-oct: AVIE orgánico #30
AVIE_OCT_RIVALES_EX,marcas y errores,kojeva lymphatic brush face,Exacta,0.6,Keyword Tracker 08-oct: AVIE orgánico #71
AVIE_OCT_RIVALES_EX,marcas y errores,akei lymphatic brush,Exacta,0.6,Keyword Tracker 08-oct: AVIE orgánico #74
AVIE_OCT_RIVALES_EX,marcas y errores,koniva face brush,Exacta,0.6,Keyword Tracker 08-oct: AVIE orgánico #75
AVIE_OCT_RIVALES_EX,marcas y errores,soothesilk facial brush,Exacta,0.6,Keyword Tracker 08-oct: AVIE orgánico #86
AVIE_OCT_AUTO_COSECHA,auto,Coincidencia amplia (loose match),Automática,0.4,"RED DE TENDENCIAS: búsquedas nuevas o de temporada (gift, stocking stuffer, halloween…) a puja baja"
AVIE_OCT_AUTO_COSECHA,auto,Coincidencia cercana (close match),Automática (pausada),,Pausada: ya la cubre la SP-(CloseMatch) existente
AVIE_OCT_AUTO_COSECHA,auto,Sustitutos (substitutes),Automática (pausada),,Pausada: ya la cubre la SP-(Substitutes) existente (18 pedidos)
AVIE_OCT_AUTO_COSECHA,auto,Complementos (complements),Automática (pausada),,Pausada: históricamente sin rentabilidad
AVIE_OCT_AUTO_COSECHA,auto,dry brush for lymphatic drainage,Negativa exacta,,Ya está en una campaña exacta: que la auto busque palabras NUEVAS
AVIE_OCT_AUTO_COSECHA,auto,lymphatic drainage brush,Negativa exacta,,Ya está en una campaña exacta: que la auto busque palabras NUEVAS
AVIE_OCT_AUTO_COSECHA,auto,lymphatic face brush,Negativa exacta,,Ya está en una campaña exacta: que la auto busque palabras NUEVAS
AVIE_OCT_AUTO_COSECHA,auto,face lymphatic drainage brush,Negativa exacta,,Ya está en una campaña exacta: que la auto busque palabras NUEVAS
AVIE_OCT_AUTO_COSECHA,auto,lymphatic drainage brush for face,Negativa exacta,,Ya está en una campaña exacta: que la auto busque palabras NUEVAS
AVIE_OCT_AUTO_COSECHA,auto,facial lymphatic drainage brush,Negativa exacta,,Ya está en una campaña exacta: que la auto busque palabras NUEVAS
AVIE_OCT_AUTO_COSECHA,auto,facial brush for lymphatic drainage,Negativa exacta,,Ya está en una campaña exacta: que la auto busque palabras NUEVAS
AVIE_OCT_AUTO_COSECHA,auto,guasha brush for face,Negativa exacta,,Ya está en una campaña exacta: que la auto busque palabras NUEVAS
AVIE_OCT_AUTO_COSECHA,auto,guasha brush,Negativa exacta,,Ya está en una campaña exacta: que la auto busque palabras NUEVAS
AVIE_OCT_AUTO_COSECHA,auto,gua sha brush,Negativa exacta,,Ya está en una campaña exacta: que la auto busque palabras NUEVAS
AVIE_OCT_AUTO_COSECHA,auto,gua sha brush for face,Negativa exacta,,Ya está en una campaña exacta: que la auto busque palabras NUEVAS
AVIE_OCT_AUTO_COSECHA,auto,lymphatic drainage brushes,Negativa exacta,,Ya está en una campaña exacta: que la auto busque palabras NUEVAS
AVIE_OCT_AUTO_COSECHA,auto,facial lymphatic brush,Negativa exacta,,Ya está en una campaña exacta: que la auto busque palabras NUEVAS
AVIE_OCT_AUTO_COSECHA,auto,dry face brush for lymphatic drainage,Negativa exacta,,Ya está en una campaña exacta: que la auto busque palabras NUEVAS
AVIE_OCT_AUTO_COSECHA,auto,pink lymphatic drainage brush,Negativa exacta,,Ya está en una campaña exacta: que la auto busque palabras NUEVAS
AVIE_OCT_AUTO_COSECHA,auto,pink lymphatic contour face brush,Negativa exacta,,Ya está en una campaña exacta: que la auto busque palabras NUEVAS
AVIE_OCT_AUTO_COSECHA,auto,pink lymphatic face brush,Negativa exacta,,Ya está en una campaña exacta: que la auto busque palabras NUEVAS
AVIE_OCT_AUTO_COSECHA,auto,skin brush for face,Negativa exacta,,Ya está en una campaña exacta: que la auto busque palabras NUEVAS
AVIE_OCT_AUTO_COSECHA,auto,soft guasha facial brush,Negativa exacta,,Ya está en una campaña exacta: que la auto busque palabras NUEVAS
AVIE_OCT_AUTO_COSECHA,auto,depuffing brush for face,Negativa exacta,,Ya está en una campaña exacta: que la auto busque palabras NUEVAS
AVIE_OCT_AUTO_COSECHA,auto,brush for face drainage,Negativa exacta,,Ya está en una campaña exacta: que la auto busque palabras NUEVAS
AVIE_OCT_AUTO_COSECHA,auto,lymphatic contour face brush soft bristles,Negativa exacta,,Ya está en una campaña exacta: que la auto busque palabras NUEVAS
AVIE_OCT_AUTO_COSECHA,auto,lymphatic drainage brush soft,Negativa exacta,,Ya está en una campaña exacta: que la auto busque palabras NUEVAS
AVIE_OCT_AUTO_COSECHA,auto,face drainage brush,Negativa exacta,,Ya está en una campaña exacta: que la auto busque palabras NUEVAS
AVIE_OCT_AUTO_COSECHA,auto,de-bloat face sculpting brush,Negativa exacta,,Ya está en una campaña exacta: que la auto busque palabras NUEVAS
AVIE_OCT_AUTO_COSECHA,auto,gua sha dry brush,Negativa exacta,,Ya está en una campaña exacta: que la auto busque palabras NUEVAS
AVIE_OCT_AUTO_COSECHA,auto,face brush gua sha,Negativa exacta,,Ya está en una campaña exacta: que la auto busque palabras NUEVAS
AVIE_OCT_AUTO_COSECHA,auto,gua sha face brush,Negativa exacta,,Ya está en una campaña exacta: que la auto busque palabras NUEVAS
AVIE_OCT_AUTO_COSECHA,auto,lymphatic contour face brush korean,Negativa exacta,,Ya está en una campaña exacta: que la auto busque palabras NUEVAS
AVIE_OCT_AUTO_COSECHA,auto,guasha face brush,Negativa exacta,,Ya está en una campaña exacta: que la auto busque palabras NUEVAS
AVIE_OCT_AUTO_COSECHA,auto,face brushes for lymphatic drainage,Negativa exacta,,Ya está en una campaña exacta: que la auto busque palabras NUEVAS
AVIE_OCT_AUTO_COSECHA,auto,brush guasha for face,Negativa exacta,,Ya está en una campaña exacta: que la auto busque palabras NUEVAS
AVIE_OCT_AUTO_COSECHA,auto,lymphatic drainage brush face,Negativa exacta,,Ya está en una campaña exacta: que la auto busque palabras NUEVAS
AVIE_OCT_AUTO_COSECHA,auto,gua sha facial brush,Negativa exacta,,Ya está en una campaña exacta: que la auto busque palabras NUEVAS
AVIE_OCT_AUTO_COSECHA,auto,lymphatic facial drainage brush,Negativa exacta,,Ya está en una campaña exacta: que la auto busque palabras NUEVAS
AVIE_OCT_AUTO_COSECHA,auto,face gua sha brush,Negativa exacta,,Ya está en una campaña exacta: que la auto busque palabras NUEVAS
AVIE_OCT_AUTO_COSECHA,auto,contour facial brush,Negativa exacta,,Ya está en una campaña exacta: que la auto busque palabras NUEVAS
AVIE_OCT_AUTO_COSECHA,auto,contour brush lymphatic drainage,Negativa exacta,,Ya está en una campaña exacta: que la auto busque palabras NUEVAS
AVIE_OCT_AUTO_COSECHA,auto,facial contour brush lymphatic,Negativa exacta,,Ya está en una campaña exacta: que la auto busque palabras NUEVAS
AVIE_OCT_AUTO_COSECHA,auto,lymphatic beauty brush,Negativa exacta,,Ya está en una campaña exacta: que la auto busque palabras NUEVAS
AVIE_OCT_AUTO_COSECHA,auto,gua sha dry brush for face,Negativa exacta,,Ya está en una campaña exacta: que la auto busque palabras NUEVAS
AVIE_OCT_AUTO_COSECHA,auto,facial sculpting brushes for lymphatic drainage,Negativa exacta,,Ya está en una campaña exacta: que la auto busque palabras NUEVAS
AVIE_OCT_AUTO_COSECHA,auto,lymphatic drainage facial brush,Negativa exacta,,Ya está en una campaña exacta: que la auto busque palabras NUEVAS
AVIE_OCT_AUTO_COSECHA,auto,lymphatic contour face brush soft,Negativa exacta,,Ya está en una campaña exacta: que la auto busque palabras NUEVAS
AVIE_OCT_AUTO_COSECHA,auto,lymphatic drain face brush,Negativa exacta,,Ya está en una campaña exacta: que la auto busque palabras NUEVAS
AVIE_OCT_AUTO_COSECHA,auto,facial sculpting brush,Negativa exacta,,Ya está en una campaña exacta: que la auto busque palabras NUEVAS
AVIE_OCT_AUTO_COSECHA,auto,soft face brush lymphatic,Negativa exacta,,Ya está en una campaña exacta: que la auto busque palabras NUEVAS
AVIE_OCT_AUTO_COSECHA,auto,lymphatic drain brush for face,Negativa exacta,,Ya está en una campaña exacta: que la auto busque palabras NUEVAS
AVIE_OCT_AUTO_COSECHA,auto,facial brushes for lymphatic drainage,Negativa exacta,,Ya está en una campaña exacta: que la auto busque palabras NUEVAS
AVIE_OCT_AUTO_COSECHA,auto,lymphatic draining brush for face,Negativa exacta,,Ya está en una campaña exacta: que la auto busque palabras NUEVAS
AVIE_OCT_AUTO_COSECHA,auto,facial drainage brush,Negativa exacta,,Ya está en una campaña exacta: que la auto busque palabras NUEVAS
AVIE_OCT_AUTO_COSECHA,auto,sculpt brush for face,Negativa exacta,,Ya está en una campaña exacta: que la auto busque palabras NUEVAS
AVIE_OCT_AUTO_COSECHA,auto,korean face lifting brush,Negativa exacta,,Ya está en una campaña exacta: que la auto busque palabras NUEVAS
AVIE_OCT_AUTO_COSECHA,auto,facial lymph drainage brush,Negativa exacta,,Ya está en una campaña exacta: que la auto busque palabras NUEVAS
AVIE_OCT_AUTO_COSECHA,auto,lymphatic facial contour brush,Negativa exacta,,Ya está en una campaña exacta: que la auto busque palabras NUEVAS
AVIE_OCT_AUTO_COSECHA,auto,sculpting face brush,Negativa exacta,,Ya está en una campaña exacta: que la auto busque palabras NUEVAS
AVIE_OCT_AUTO_COSECHA,auto,dry lymphatic massage brush for face,Negativa exacta,,Ya está en una campaña exacta: que la auto busque palabras NUEVAS
AVIE_OCT_AUTO_COSECHA,auto,lymphatic contour brush for face,Negativa exacta,,Ya está en una campaña exacta: que la auto busque palabras NUEVAS
AVIE_OCT_AUTO_COSECHA,auto,face brush lymphatic drainage,Negativa exacta,,Ya está en una campaña exacta: que la auto busque palabras NUEVAS
AVIE_OCT_AUTO_COSECHA,auto,facial contour brush,Negativa exacta,,Ya está en una campaña exacta: que la auto busque palabras NUEVAS
AVIE_OCT_AUTO_COSECHA,auto,contour lymphatic face brush,Negativa exacta,,Ya está en una campaña exacta: que la auto busque palabras NUEVAS
AVIE_OCT_AUTO_COSECHA,auto,dry brush face,Negativa exacta,,Ya está en una campaña exacta: que la auto busque palabras NUEVAS
AVIE_OCT_AUTO_COSECHA,auto,face lymphatic brush,Negativa exacta,,Ya está en una campaña exacta: que la auto busque palabras NUEVAS
AVIE_OCT_AUTO_COSECHA,auto,korean brush for face,Negativa exacta,,Ya está en una campaña exacta: que la auto busque palabras NUEVAS
AVIE_OCT_AUTO_COSECHA,auto,face lymphatic contour brush,Negativa exacta,,Ya está en una campaña exacta: que la auto busque palabras NUEVAS
AVIE_OCT_AUTO_COSECHA,auto,face massage brush,Negativa exacta,,Ya está en una campaña exacta: que la auto busque palabras NUEVAS
AVIE_OCT_AUTO_COSECHA,auto,dry brush for lymphatic drainage face,Negativa exacta,,Ya está en una campaña exacta: que la auto busque palabras NUEVAS
AVIE_OCT_AUTO_COSECHA,auto,face lifting brush,Negativa exacta,,Ya está en una campaña exacta: que la auto busque palabras NUEVAS
AVIE_OCT_AUTO_COSECHA,auto,depuff brush for face,Negativa exacta,,Ya está en una campaña exacta: que la auto busque palabras NUEVAS
AVIE_OCT_AUTO_COSECHA,auto,face dry brush for lymphatic drainage,Negativa exacta,,Ya está en una campaña exacta: que la auto busque palabras NUEVAS
AVIE_OCT_AUTO_COSECHA,auto,korean lymphatic face brush,Negativa exacta,,Ya está en una campaña exacta: que la auto busque palabras NUEVAS
AVIE_OCT_AUTO_COSECHA,auto,contour glow brush for face,Negativa exacta,,Ya está en una campaña exacta: que la auto busque palabras NUEVAS
AVIE_OCT_AUTO_COSECHA,auto,k glow face sculpting brush,Negativa exacta,,Ya está en una campaña exacta: que la auto busque palabras NUEVAS
AVIE_OCT_AUTO_COSECHA,auto,contour glow brush,Negativa exacta,,Ya está en una campaña exacta: que la auto busque palabras NUEVAS
AVIE_OCT_AUTO_COSECHA,auto,lymphatic contour face brush k glow,Negativa exacta,,Ya está en una campaña exacta: que la auto busque palabras NUEVAS
AVIE_OCT_AUTO_COSECHA,auto,contour glow face brush,Negativa exacta,,Ya está en una campaña exacta: que la auto busque palabras NUEVAS
AVIE_OCT_AUTO_COSECHA,auto,contourglow brush,Negativa exacta,,Ya está en una campaña exacta: que la auto busque palabras NUEVAS
AVIE_OCT_AUTO_COSECHA,auto,skinn double-ended face massage brush,Negativa exacta,,Ya está en una campaña exacta: que la auto busque palabras NUEVAS
AVIE_OCT_AUTO_COSECHA,auto,nuventra facial brush,Negativa exacta,,Ya está en una campaña exacta: que la auto busque palabras NUEVAS
AVIE_OCT_AUTO_COSECHA,auto,face beauty workshop lymphatic brush,Negativa exacta,,Ya está en una campaña exacta: que la auto busque palabras NUEVAS
AVIE_OCT_AUTO_COSECHA,auto,koneva lymphatic face brush,Negativa exacta,,Ya está en una campaña exacta: que la auto busque palabras NUEVAS
AVIE_OCT_AUTO_COSECHA,auto,floriem lymphatic face brush,Negativa exacta,,Ya está en una campaña exacta: que la auto busque palabras NUEVAS
AVIE_OCT_AUTO_COSECHA,auto,auvorra lymphatic contour face brush,Negativa exacta,,Ya está en una campaña exacta: que la auto busque palabras NUEVAS
AVIE_OCT_AUTO_COSECHA,auto,kojeca lymphatic face brush,Negativa exacta,,Ya está en una campaña exacta: que la auto busque palabras NUEVAS
AVIE_OCT_AUTO_COSECHA,auto,nuevetra face brush,Negativa exacta,,Ya está en una campaña exacta: que la auto busque palabras NUEVAS
AVIE_OCT_AUTO_COSECHA,auto,kogeva lymphatic face brush,Negativa exacta,,Ya está en una campaña exacta: que la auto busque palabras NUEVAS
AVIE_OCT_AUTO_COSECHA,auto,cecily braden lymphatic face brush,Negativa exacta,,Ya está en una campaña exacta: que la auto busque palabras NUEVAS
AVIE_OCT_AUTO_COSECHA,auto,soothesilk facial contour brush,Negativa exacta,,Ya está en una campaña exacta: que la auto busque palabras NUEVAS
AVIE_OCT_AUTO_COSECHA,auto,sefvako lymphatic contour face brush,Negativa exacta,,Ya está en una campaña exacta: que la auto busque palabras NUEVAS
AVIE_OCT_AUTO_COSECHA,auto,recuvia lymphatic contour face brush eliminate puffiness in minutes,Negativa exacta,,Ya está en una campaña exacta: que la auto busque palabras NUEVAS
AVIE_OCT_AUTO_COSECHA,auto,vough lymphatic contour face brush,Negativa exacta,,Ya está en una campaña exacta: que la auto busque palabras NUEVAS
AVIE_OCT_AUTO_COSECHA,auto,akei lymphatic facial brush,Negativa exacta,,Ya está en una campaña exacta: que la auto busque palabras NUEVAS
AVIE_OCT_AUTO_COSECHA,auto,aeli lymphatic face brush,Negativa exacta,,Ya está en una campaña exacta: que la auto busque palabras NUEVAS
AVIE_OCT_AUTO_COSECHA,auto,lymphatic contour face brush puur house,Negativa exacta,,Ya está en una campaña exacta: que la auto busque palabras NUEVAS
AVIE_OCT_AUTO_COSECHA,auto,koje a lymphatic face brush,Negativa exacta,,Ya está en una campaña exacta: que la auto busque palabras NUEVAS
AVIE_OCT_AUTO_COSECHA,auto,koheva lymphatic face brush,Negativa exacta,,Ya está en una campaña exacta: que la auto busque palabras NUEVAS
AVIE_OCT_AUTO_COSECHA,auto,awki lymphatic face brush,Negativa exacta,,Ya está en una campaña exacta: que la auto busque palabras NUEVAS
AVIE_OCT_AUTO_COSECHA,auto,kojovia face brush for lymphatic drainage,Negativa exacta,,Ya está en una campaña exacta: que la auto busque palabras NUEVAS
AVIE_OCT_AUTO_COSECHA,auto,arki lymphatic face brush,Negativa exacta,,Ya está en una campaña exacta: que la auto busque palabras NUEVAS
AVIE_OCT_AUTO_COSECHA,auto,puur house lymphatic contour face brush,Negativa exacta,,Ya está en una campaña exacta: que la auto busque palabras NUEVAS
AVIE_OCT_AUTO_COSECHA,auto,lymphatic brush by cecily braden,Negativa exacta,,Ya está en una campaña exacta: que la auto busque palabras NUEVAS
AVIE_OCT_AUTO_COSECHA,auto,kojevs lymphatic face brush,Negativa exacta,,Ya está en una campaña exacta: que la auto busque palabras NUEVAS
AVIE_OCT_AUTO_COSECHA,auto,eteross lymphatic face brush,Negativa exacta,,Ya está en una campaña exacta: que la auto busque palabras NUEVAS
AVIE_OCT_AUTO_COSECHA,auto,vddo lymphatic contour face brush,Negativa exacta,,Ya está en una campaña exacta: que la auto busque palabras NUEVAS
AVIE_OCT_AUTO_COSECHA,auto,vellorra lymphatic contour face brush,Negativa exacta,,Ya está en una campaña exacta: que la auto busque palabras NUEVAS
AVIE_OCT_AUTO_COSECHA,auto,lymphatic contour face brush,Negativa exacta,,Ya está en una campaña exacta: que la auto busque palabras NUEVAS
AVIE_OCT_AUTO_COSECHA,auto,glow brush lymphatic,Negativa exacta,,Ya está en una campaña exacta: que la auto busque palabras NUEVAS
AVIE_OCT_AUTO_COSECHA,auto,korean lymphatic brush,Negativa exacta,,Ya está en una campaña exacta: que la auto busque palabras NUEVAS
AVIE_OCT_AUTO_COSECHA,auto,glow brush for face,Negativa exacta,,Ya está en una campaña exacta: que la auto busque palabras NUEVAS
AVIE_OCT_AUTO_COSECHA,auto,counter glow face brush,Negativa exacta,,Ya está en una campaña exacta: que la auto busque palabras NUEVAS
AVIE_OCT_AUTO_COSECHA,auto,counterglow face brush,Negativa exacta,,Ya está en una campaña exacta: que la auto busque palabras NUEVAS
AVIE_OCT_AUTO_COSECHA,auto,face massager brush,Negativa exacta,,Ya está en una campaña exacta: que la auto busque palabras NUEVAS
AVIE_OCT_AUTO_COSECHA,auto,contour face brush for lymphatic drainage,Negativa exacta,,Ya está en una campaña exacta: que la auto busque palabras NUEVAS
AVIE_OCT_AUTO_COSECHA,auto,lymphatic drainage face brush,Negativa exacta,,Ya está en una campaña exacta: que la auto busque palabras NUEVAS
AVIE_OCT_AUTO_COSECHA,auto,lymph brush for face and neck,Negativa exacta,,Ya está en una campaña exacta: que la auto busque palabras NUEVAS
AVIE_OCT_AUTO_COSECHA,auto,face brush for lymphatic drainage,Negativa exacta,,Ya está en una campaña exacta: que la auto busque palabras NUEVAS
AVIE_OCT_AUTO_COSECHA,auto,soft bristle face brush,Negativa exacta,,Ya está en una campaña exacta: que la auto busque palabras NUEVAS
AVIE_OCT_AUTO_COSECHA,auto,lymphatic dry brush for face,Negativa exacta,,Ya está en una campaña exacta: que la auto busque palabras NUEVAS
AVIE_OCT_AUTO_COSECHA,auto,face sculpting brush lymphatic,Negativa exacta,,Ya está en una campaña exacta: que la auto busque palabras NUEVAS
AVIE_OCT_AUTO_COSECHA,auto,nuvetra contour glow brush,Negativa exacta,,Ya está en una campaña exacta: que la auto busque palabras NUEVAS
AVIE_OCT_AUTO_COSECHA,auto,kojeva lymphatic brush face,Negativa exacta,,Ya está en una campaña exacta: que la auto busque palabras NUEVAS
AVIE_OCT_AUTO_COSECHA,auto,akei lymphatic brush,Negativa exacta,,Ya está en una campaña exacta: que la auto busque palabras NUEVAS
AVIE_OCT_AUTO_COSECHA,auto,koniva face brush,Negativa exacta,,Ya está en una campaña exacta: que la auto busque palabras NUEVAS
AVIE_OCT_AUTO_COSECHA,auto,soothesilk facial brush,Negativa exacta,,Ya está en una campaña exacta: que la auto busque palabras NUEVAS
AVIE_OCT_AUTO_COSECHA,auto,gua sha facial tools,Negativa exacta,,14 clics 0 ventas
AVIE_OCT_AUTO_COSECHA,auto,kojeva lymphatic face brush,Negativa exacta,,10 clics 0 ventas
AVIE_OCT_AUTO_COSECHA,auto,kitsch lymphatic contour face brush,Negativa exacta,,7 clics 0 ventas
AVIE_OCT_AUTO_COSECHA,auto,facial brush,Negativa exacta,,"7 clics 0 ventas, intención limpieza"
AVIE_OCT_AUTO_COSECHA,auto,guasha tool for face,Negativa exacta,,"8 clics 0 ventas, intención piedra"
AVIE_OCT_AUTO_COSECHA,auto,contour brush,Negativa exacta,,Regla AVIE: otra intención (maquillaje)
AVIE_OCT_AUTO_COSECHA,auto,face mask brush,Negativa exacta,,Regla AVIE: otra intención (mascarilla)
AVIE_OCT_AUTO_COSECHA,auto,electric,Negativa frase,,Otra intención de compra
AVIE_OCT_AUTO_COSECHA,auto,makeup,Negativa frase,,Otra intención de compra
AVIE_OCT_AUTO_COSECHA,auto,body,Negativa frase,,Otra intención de compra
AVIE_OCT_AUTO_COSECHA,auto,drops,Negativa frase,,Otra intención de compra
AVIE_OCT_AUTO_COSECHA,auto,supplement,Negativa frase,,Otra intención de compra
AVIE_OCT_AUTO_COSECHA,auto,pills,Negativa frase,,Otra intención de compra
AVIE_OCT_AUTO_COSECHA,auto,toothbrush,Negativa frase,,Otra intención de compra
AVIE_OCT_AUTO_COSECHA,auto,cleansing,Negativa frase,,Otra intención de compra
AVIE_OCT_AUTO_COSECHA,auto,exfoliating,Negativa frase,,Otra intención de compra
AVIE_OCT_AUTO_COSECHA,auto,powder,Negativa frase,,Otra intención de compra
AVIE_OCT_AUTO_COSECHA,auto,ice roller,Negativa frase,,Otra intención de compra
AVIE_OCT_AUTO_COSECHA,auto,foundation,Negativa frase,,Otra intención de compra
AVIE_OCT_AUTO_COSECHA,auto,peel,Negativa frase,,Otra intención de compra
AVIE_OCT_AUTO_COSECHA,auto,B0FD354L27,ASIN negativo,,"FLAHOLD 8,99: ACOS 81 %, 8,44 USD de ads por unidad"
AVIE_OCT_AUTO_COSECHA,auto,B0FD6Y9BX5,ASIN negativo,,7 clics 0 ventas
