prioridad,nombre,tipo,ciudad,estado_us,web,email,fuente_email,detalle_real,notas,toques,ultimo_contacto,thread_id,etapa
A,NEPA Wholesale,distribuidor,West Palm Beach,FL,nepawholesale.com,care@nepawholesale.com,https://www.nepawholesale.com/contactus,NEPA Wholesale supplies a lot of shops,5 FL + Dallas,1,2026-10-08,1a119e602b2c976b,contactado
A,SW Distro,distribuidor,Oldsmar,FL,swdistro.com,sales@swdistro.com,https://swdistro.com/contact-us/,SW Distro supplies a lot of shops,,1,2026-10-08,1a119e615a3f3f4a,contactado
A,International Wholesale Supply,distribuidor,Maryland Heights,MO,shopiws.com,info@shopiws.com,https://www.shopiws.com/programs/,International Wholesale Supply supplies a lot of shops,Smoke Shop Accessories program,1,2026-10-08,1a119e62108b4cc7,contactado
A,Tokers Hub,distribuidor,Ontario,CA,tokershub.com,info@tokershub.com,https://tokershub.com/contact-us/,Tokers Hub supplies a lot of shops,,1,2026-10-08,1a119e62dcab03c9,contactado
A,Demand Vape,distribuidor,Buffalo,NY,demandvape.com,info@demandvape.com,https://demandvape.com/,Demand Vape supplies a lot of shops,,1,2026-10-08,1a119e639d106e4d,contactado
A,Midwest Goods,distribuidor,Bensenville,IL,midwestgoods.com,purchasing@midwestgoods.com,https://www.midwestgoods.com/become-a-product-supplier/,Midwest Goods supplies a lot of shops,"supplier page: catalog by email, samples by mail",1,2026-10-08,1a119e64624282bf,contactado
A,Greenlane Wholesale,distribuidor,Boca Raton,FL,wholesale.greenlane.com,wholesale@greenlane.com,https://wholesale.greenlane.com/pages/contact,Greenlane Wholesale supplies a lot of shops,large distributor,1,2026-10-08,1a119e65380763cb,contactado
A,Got Vape Wholesale,distribuidor,,CA,gotvapewholesale.com,jjackson@gotvapewholesale.com,https://www.gotvapewholesale.com/pages/privacy-policy,Got Vape Wholesale supplies a lot of shops,,1,2026-10-08,1a119e65e8991c56,contactado
A,Smoker Friendly,cadena smoke shops,Boulder,CO,smokerfriendly.com,tradeshow@smokerfriendly.com,https://smokerfriendly.com/contact-us/,Smoker Friendly runs multiple locations,vendor trade show: tradeshow@smokerfriendly.com,1,2026-10-08,1a119e66d889b32c,contactado
A,Discount Vape Pen,tienda online,Kenilworth,NJ,discountvapepen.com,questions@discountvapepen.com,https://discountvapepen.com/shipping-and-handling/,I saw Discount Vape Pen already carries character 510 batteries,"Lookah Bear/Cat, Ooze Shroom",1,2026-10-08,1a119e679beeffb9,contactado
A,Elyxr,tienda online,,CA,elyxr.com,shop@elyxr.com,https://www.elyxr.com/contact-us/,I saw Elyxr already carries character 510 batteries,Lookah Bear,0,,,nuevo
A,ProCannabis,tienda online,New York,NY,procannabis.com,procannabisnyc@gmail.com,https://procannabis.com/ooze/,I saw ProCannabis already carries character 510 batteries,"Lookah Bear, Ooze",0,,,nuevo
A,Nikk Drips,tienda online + local,Post Falls,ID,nikkdrips.com,support@nikkdrips.com,https://nikkdrips.com/pages/contact,I saw Nikk Drips already carries character 510 batteries,Ooze Bot character battery,0,,,nuevo
A,SnowTree Worldwide,tienda online,,NY,snowtreeworldwide.com,help@snowtreeworldwide.com,https://snowtreeworldwide.com/pages/contact-us,I saw SnowTree Worldwide already carries character 510 batteries,"Ooze Bot, Penjamin novelty",0,,,nuevo
A,KC Smoke Shop,tienda online + local,Kansas City,MO,kcsmokeshop.com,customerservice@kcsmokeshop.com,https://kcsmokeshop.com/pages/wholesale,I saw KC Smoke Shop already carries character 510 batteries,Lookah Egg,0,,,nuevo
A,MyVpro,tienda online,,,myvpro.com,service@myvpro.com,https://myvpro.com/pages/contact-us,I saw MyVpro already carries character 510 batteries,Lookah Egg/Cat/Guitar,0,,,nuevo
A,Fog Factory Smoke Shop,tienda online + local,New London,CT,fogfactorysmokeshop.com,support@fogfactoryhr.com,https://www.fogfactorysmokeshop.com/pages/contact-us,I saw Fog Factory Smoke Shop already carries character 510 batteries,Lookah Cat,0,,,nuevo
A,420Buy,tienda online,,,420buy.com,service@420buy.com,https://www.420buy.com/pages/shipping,I saw 420Buy already carries character 510 batteries,Lookah partner,0,,,nuevo
A,Kush Cargo,tienda online,,,kushcargo.com,aircontrol@kushcargo.com,https://kushcargo.com/pages/contact-us,I saw Kush Cargo already carries character 510 batteries,pop-culture novelty 510 collection,0,,,nuevo
A,RI-Ecig & Vapes,tienda online + local,,RI,riecig.com,info@riecig.com,https://www.riecig.com/service/,I saw RI-Ecig & Vapes already carries character 510 batteries,Lookah Cat/Bear,0,,,nuevo
A,Smokerolla,tienda online,Los Angeles,CA,smokerolla.com,info@smokerolla.com,https://smokerolla.com/pages/dropshipping-services,I saw Smokerolla already carries character 510 batteries,retail + wholesale,0,,,nuevo
A,Human Sucks,tienda online,,,humansucks.com,support@humansucks.com,https://humansucks.com/pages/privacy-policy,I saw Human Sucks already carries character 510 batteries,Lookah Cat,0,,,nuevo
A,SMOKEA,tienda online,O'Fallon,MO,smokea.com,support@smokea.com,https://smokea.com/pages/contact-us,I saw SMOKEA already carries character 510 batteries,Ooze Shroom; wholesale.smokea.com,0,,,nuevo
A,Inline Vape,tienda online + local,Warren,MI,inlinevape.com,sales@inlinevape.com,https://www.inlinevape.com/contact-us/,I saw Inline Vape already carries character 510 batteries,several MI stores,0,,,nuevo
A,Waterbeds 'n' Stuff,tienda online + local,Grove City,OH,waterbedsnstuff.com,sales@waterbedsnstuff.com,https://waterbedsnstuff.com/contact-us/,I saw Waterbeds 'n' Stuff already carries character 510 batteries,Novelty Vape Batteries category; 13 OH stores,0,,,nuevo
A,Angie's Boutique,tienda online + local,Los Angeles,CA,angies.boutique,info@angies.boutique,https://angies.boutique/pages/contact-us,I saw Angie's Boutique already carries character 510 batteries,"Lookah Bear, Penjamin",0,,,nuevo
A,BOOM Headshop,tienda online,,,boomheadshop.com,support@boomheadshop.com,https://boomheadshop.com/,I saw BOOM Headshop already carries character 510 batteries,Lookah Guitar,0,,,nuevo
A,OLOFLY,tienda online,,,olofly.com,support@olofly.com,https://olofly.com/contact-us/,I saw OLOFLY already carries character 510 batteries,Lookah Guitar/Bear,0,,,nuevo
A,Huff and Puffers,tienda online,,CA,huffandpuffers.com,info@huffandpuffers.com,https://www.huffandpuffers.com/contact-us,I saw Huff and Puffers already carries character 510 batteries,Lookah Guitar,0,,,nuevo
A,Midtown Direct Smoke Shop,tienda online + local,Bend,OR,midtowndirect.us,contact@midtowndirect.us,https://midtowndirect.us/contact-us-2,I saw Midtown Direct Smoke Shop already carries character 510 batteries,Lookah Guitar,0,,,nuevo
A,Platte Hemp Co.,tienda online + local,Casper,WY,plattehempwy.com,casper@plattehemp.com,https://www.plattehempwy.com/,I saw Platte Hemp Co. already carries character 510 batteries,3 WY stores,0,,,nuevo
A,520 Hemp,tienda online,Greenville,NC,520hemp.com,info@520hemp.com,https://520hemp.com/privacy-policy/,I saw 520 Hemp already carries character 510 batteries,,0,,,nuevo
A,Harbor City Hemp,tienda online,Sanford,FL,harborcityhemp.com,help@harborcityhemp.com,https://harborcityhemp.com/about/contact-us/,I saw Harbor City Hemp already carries character 510 batteries,,0,,,nuevo
A,BattSkins,tienda online,,TX,battskins.com,info@battskins.com,https://battskins.com/,I saw BattSkins already carries character 510 batteries,Penjamin cart pens,0,,,nuevo
B,DankStop,tienda online,Edison,NJ,dankstop.com,support@dankstop.com,https://dankstop.com/pages/sell-on-dankstop,I came across DankStop's 510 battery selection,High Tide group (same as Smoke Cartel); vendor page,0,,,nuevo
B,Toker Supply,tienda online,,,tokersupply.com,support@tokersupply.com,https://www.tokersupply.com/,I came across Toker Supply's 510 battery selection,,0,,,nuevo
B,The Glass Warehouse,tienda online + local,Temecula,CA,theglasswarehouse.com,info@theglasswarehouse.com,https://www.theglasswarehouse.com/pages/contact-us,I came across The Glass Warehouse's 510 battery selection,Temecula/Riverside/Anaheim stores,0,,,nuevo
B,Stoked Smoke Shop,tienda online + local,Bridgeport,CT,stokedct.com,customerservice@stokedct.com,https://stokedct.com/policies/contact-information,I came across Stoked Smoke Shop's 510 battery selection,,0,,,nuevo
B,Shag Alternative Superstore,tienda online + local,Des Moines,IA,shopshag.com,contact@shopshag.com,https://www.shopshag.com/,I came across Shag Alternative Superstore's 510 battery selection,Iowa chain,0,,,nuevo
B,Badass Glass,tienda online,Buena Park,CA,badassglass.com,info@badassglass.com,https://www.badassglass.com/pages/shipping-options,I came across Badass Glass's 510 battery selection,,0,,,nuevo
B,Brothers With Glass,tienda online,,OR,brotherswithglass.com,contact@brotherswithglass.com,https://brotherswithglass.com/pages/payment-methods,I came across Brothers With Glass's 510 battery selection,,0,,,nuevo
B,Aqua Lab Technologies,tienda online,,,aqualabtechnologies.com,info@aqualabtechnologies.com,https://aqualabtechnologies.com/pages/contact-us,I came across Aqua Lab Technologies's 510 battery selection,,0,,,nuevo
B,Thick Ass Glass,tienda online,Colorado Springs,CO,thickassglass.com,info@thickassglass.com,https://www.thickassglass.com/pages/contact-us,I came across Thick Ass Glass's 510 battery selection,,0,,,nuevo
